Acer saccharum-type,Plantae,Tracheophyta,Spermatophyta,Angiospermae,Mesangiospermae,Eudicotyledoneae,Gunneridae,Pentapetalae,Rosidae,Malvidae,Sapindales,Sapindaceae,Sapindaceae subf. Hippocastanoideae,Acer,
Acer negundo,Plantae,Tracheophyta,Spermatophyta,Angiospermae,Mesangiospermae,Eudicotyledoneae,Gunneridae,Pentapetalae,Rosidae,Malvidae,Sapindales,Sapindaceae,Sapindaceae subf. Hippocastanoideae,Acer,Acer negundo-type,
Acer pensylvanicum,Plantae,Tracheophyta,Spermatophyta,Angiospermae,Mesangiospermae,Eudicotyledoneae,Gunneridae,Pentapetalae,Rosidae,Malvidae,Sapindales,Sapindaceae,Sapindaceae subf. Hippocastanoideae,Acer,
Acer rubrum,Plantae,Tracheophyta,Spermatophyta,Angiospermae,Mesangiospermae,Eudicotyledoneae,Gunneridae,Pentapetalae,Rosidae,Malvidae,Sapindales,Sapindaceae,Sapindaceae subf. Hippocastanoideae,Acer,Acer rubrum-type,
Acer saccharinum-type,Plantae,Tracheophyta,Spermatophyta,Angiospermae,Mesangiospermae,Eudicotyledoneae,Gunneridae,Pentapetalae,Rosidae,Malvidae,Sapindales,Sapindaceae,Sapindaceae subf. Hippocastanoideae,Acer,
Acer spicatum,Plantae,Tracheophyta,Spermatophyta,Angiospermae,Mesangiospermae,Eudicotyledoneae,Gunneridae,Pentapetalae,Rosidae,Malvidae,Sapindales,Sapindaceae,Sapindaceae subf. Hippocastanoideae,Acer,
Acer undiff.,Plantae,Tracheophyta,Spermatophyta,Angiospermae,Mesangiospermae,Eudicotyledoneae,Gunneridae,Pentapetalae,Rosidae,Malvidae,Sapindales,Sapindaceae,Sapindaceae subf. Hippocastanoideae,Acer,
Alnus incana-type,Plantae,Tracheophyta,Spermatophyta,Angiospermae,Mesangiospermae,Eudicotyledoneae,Gunneridae,Pentapetalae,Rosidae,Fabidae,Fabales,Betulaceae/Myricaceae,Betulaceae,Alnus,
Alnus viridis-type,Plantae,Tracheophyta,Spermatophyta,Angiospermae,Mesangiospermae,Eudicotyledoneae,Gunneridae,Pentapetalae,Rosidae,Fabidae,Fabales,Betulaceae/Myricaceae,Betulaceae,Alnus,Alnus subg. Alnobetula,
Alnus undiff.,Plantae,Tracheophyta,Spermatophyta,Angiospermae,Mesangiospermae,Eudicotyledoneae,Gunneridae,Pentapetalae,Rosidae,Fabidae,Fabales,Betulaceae/Myricaceae,Betulaceae,Alnus,
Anacardiaceae undiff.,Plantae,Tracheophyta,Spermatophyta,Angiospermae,Mesangiospermae,Eudicotyledoneae,Gunneridae,Pentapetalae,Rosidae,Malvidae,Sapindales,Anacardiaceae,
Brasenia schreberi,Plantae,Tracheophyta,Spermatophyta,Angiospermae,Nymphaeales,Cabombaceae,Brasenia,
Amaranthaceae undiff.,Plantae,Tracheophyta,Spermatophyta,Angiospermae,Mesangiospermae,Eudicotyledoneae,Gunneridae,Pentapetalae,Caryophyllales,Caryophyllaceae/Amaranthaceae,Amaranthaceae,
Asteraceae undiff.,Plantae,Tracheophyta,Spermatophyta,Angiospermae,Mesangiospermae,Eudicotyledoneae,Gunneridae,Pentapetalae,Asteridae,Gentianidae,Campanulidae,Apiidae,Asterales,Asteraceae,
Iva annua-type,Plantae,Tracheophyta,Spermatophyta,Angiospermae,Mesangiospermae,Eudicotyledoneae,Gunneridae,Pentapetalae,Asteridae,Gentianidae,Campanulidae,Apiidae,Asterales,Asteraceae,Asteraceae subf. Asteroideae,Asteraceae tribe Heliantheae,Asteraceae subtribe Ambrosiinae,Iva,
Pinaceae undiff.,Plantae,Tracheophyta,Spermatophyta,Pan-Coniferae,Coniferae,Pinaceae,
Cornus undiff.,Plantae,Tracheophyta,Spermatophyta,Angiospermae,Mesangiospermae,Eudicotyledoneae,Gunneridae,Pentapetalae,Asteridae,Cornales,Cornaceae,Cornus,
Brassicaceae undiff.,Plantae,Tracheophyta,Spermatophyta,Angiospermae,Mesangiospermae,Eudicotyledoneae,Gunneridae,Pentapetalae,Rosidae,Malvidae,Brassicales,Brassicaceae,
Cyrilla racemiflora,Plantae,Tracheophyta,Spermatophyta,Angiospermae,Mesangiospermae,Eudicotyledoneae,Gunneridae,Pentapetalae,Asteridae,Ericales,Cyrillaceae,
Decodon verticillatus,Plantae,Tracheophyta,Spermatophyta,Angiospermae,Mesangiospermae,Eudicotyledoneae,Gunneridae,Pentapetalae,Rosidae,Myrtales,Lythraceae,Decodon,
Ephedra undiff.,Plantae,Tracheophyta,Spermatophyta,Gnetophyta,Ephedraceae,Ephedra,
Ephedra viridis-type,Plantae,Tracheophyta,Spermatophyta,Gnetophyta,Ephedraceae,Ephedra,Ephedra (branched folds),
Ephedra trifurca-type,Plantae,Tracheophyta,Spermatophyta,Gnetophyta,Ephedraceae,Ephedra,Ephedra (simple folds),
Polypodiophyta undiff.,Plantae,Tracheophyta,Monilophyta,Polypodiophyta,
Fraxinus (tetracolpate),Plantae,Tracheophyta,Spermatophyta,Angiospermae,Mesangiospermae,Eudicotyledoneae,Gunneridae,Pentapetalae,Asteridae,Gentianidae,Garryidae,Lamiidae,Lamiales,Oleaceae,Fraxinus,
Fraxinus (tricolpate),Plantae,Tracheophyta,Spermatophyta,Angiospermae,Mesangiospermae,Eudicotyledoneae,Gunneridae,Pentapetalae,Asteridae,Gentianidae,Garryidae,Lamiidae,Lamiales,Oleaceae,Fraxinus,
Fraxinus nigra-type,Plantae,Tracheophyta,Spermatophyta,Angiospermae,Mesangiospermae,Eudicotyledoneae,Gunneridae,Pentapetalae,Asteridae,Gentianidae,Garryidae,Lamiidae,Lamiales,Oleaceae,Fraxinus,
Fraxinus pennsylvanica-type,Plantae,Tracheophyta,Spermatophyta,Angiospermae,Mesangiospermae,Eudicotyledoneae,Gunneridae,Pentapetalae,Asteridae,Gentianidae,Garryidae,Lamiidae,Lamiales,Oleaceae,Fraxinus,
Fraxinus undiff.,Plantae,Tracheophyta,Spermatophyta,Angiospermae,Mesangiospermae,Eudicotyledoneae,Gunneridae,Pentapetalae,Asteridae,Gentianidae,Garryidae,Lamiidae,Lamiales,Oleaceae,Fraxinus,
Poaceae undiff.,Plantae,Tracheophyta,Spermatophyta,Angiospermae,Mesangiospermae,Monocotyledoneae,Nartheciidae,Petrosaviidae,Commelinidae,Poales,Poaceae,
Hippuris vulgaris,Plantae,Tracheophyta,Spermatophyta,Angiospermae,Mesangiospermae,Eudicotyledoneae,Gunneridae,Pentapetalae,Asteridae,Gentianidae,Garryidae,Lamiidae,Lamiales,Plantaginaceae,Hippuris,
Iva undiff.,Plantae,Tracheophyta,Spermatophyta,Angiospermae,Mesangiospermae,Eudicotyledoneae,Gunneridae,Pentapetalae,Asteridae,Gentianidae,Campanulidae,Apiidae,Asterales,Asteraceae,Asteraceae subf. Asteroideae,Asteraceae tribe Heliantheae,Asteraceae subtribe Ambrosiinae,Iva,
Cyclachaena xanthiifolia-type,Plantae,Tracheophyta,Spermatophyta,Angiospermae,Mesangiospermae,Eudicotyledoneae,Gunneridae,Pentapetalae,Asteridae,Gentianidae,Campanulidae,Apiidae,Asterales,Asteraceae,Asteraceae subf. Asteroideae,Asteraceae tribe Heliantheae,Asteraceae subtribe Ambrosiinae,
Juglans cinerea,Plantae,Tracheophyta,Spermatophyta,Angiospermae,Mesangiospermae,Eudicotyledoneae,Gunneridae,Pentapetalae,Rosidae,Fabidae,Fagales,Juglandaceae,Juglans,
Juglans nigra,Plantae,Tracheophyta,Spermatophyta,Angiospermae,Mesangiospermae,Eudicotyledoneae,Gunneridae,Pentapetalae,Rosidae,Fabidae,Fagales,Juglandaceae,Juglans,
Juglans undiff.,Plantae,Tracheophyta,Spermatophyta,Angiospermae,Mesangiospermae,Eudicotyledoneae,Gunneridae,Pentapetalae,Rosidae,Fabidae,Fagales,Juglandaceae,Juglans,
Koenigia islandica,Plantae,Tracheophyta,Spermatophyta,Angiospermae,Mesangiospermae,Eudicotyledoneae,Gunneridae,Pentapetalae,Caryophyllales,Polygonaceae,Koenigia,
Lamiaceae undiff.,Plantae,Tracheophyta,Spermatophyta,Angiospermae,Mesangiospermae,Eudicotyledoneae,Gunneridae,Pentapetalae,Asteridae,Gentianidae,Garryidae,Lamiidae,Lamiales,Lamiaceae,
Fabaceae undiff.,Plantae,Tracheophyta,Spermatophyta,Angiospermae,Mesangiospermae,Eudicotyledoneae,Gunneridae,Pentapetalae,Rosidae,Fabidae,Fabales,Fabaceae,
Liliaceae undiff.,Plantae,Tracheophyta,Spermatophyta,Angiospermae,Mesangiospermae,Monocotyledoneae,Nartheciidae,Petrosaviidae,Liliales,Liliaceae,
Lycopodiaceae undiff.,Plantae,Tracheophyta,Lycopodiophyta,Lycopodiaceae,
Diphasiastrum alpinum,Plantae,Tracheophyta,Lycopodiophyta,Lycopodiaceae,Diphasiastrum-type,Diphasiastrum,
Lycopodium annotinum,Plantae,Tracheophyta,Lycopodiophyta,Lycopodiaceae,Lycopodium,
Lycopodium clavatum,Plantae,Tracheophyta,Lycopodiophyta,Lycopodiaceae,Lycopodium,
Diphasiastrum complanatum-type,Plantae,Tracheophyta,Lycopodiophyta,Lycopodiaceae,Diphasiastrum-type,
Lycopodiella inundata,Plantae,Tracheophyta,Lycopodiophyta,Lycopodiaceae,Lycopodiella,
Huperzia lucidula,Plantae,Tracheophyta,Lycopodiophyta,Lycopodiaceae,Huperzia,
Lycopodium obscurum,Plantae,Tracheophyta,Lycopodiophyta,Lycopodiaceae,Lycopodium,
Huperzia selago,Plantae,Tracheophyta,Lycopodiophyta,Lycopodiaceae,Huperzia,
Maclura pomifera-type,Plantae,Tracheophyta,Spermatophyta,Angiospermae,Mesangiospermae,Eudicotyledoneae,Gunneridae,Pentapetalae,Rosidae,Fabidae,Rosales,Urticalean Rosids,Moraceae,Moraceae (triporate),Maclura-type,
Menyanthes trifoliata,Plantae,Tracheophyta,Spermatophyta,Angiospermae,Mesangiospermae,Eudicotyledoneae,Gunneridae,Pentapetalae,Asteridae,Gentianidae,Campanulidae,Apiidae,Asterales,Menyanthaceae,Menyanthes,
Nymphaeaceae undiff.,Plantae,Tracheophyta,Spermatophyta,Angiospermae,Nymphaeales,Nymphaeaceae,
Onagraceae undiff.,Plantae,Tracheophyta,Spermatophyta,Angiospermae,Mesangiospermae,Eudicotyledoneae,Gunneridae,Pentapetalae,Rosidae,Myrtales,Onagraceae,
Osmunda undiff.,Plantae,Tracheophyta,Monilophyta,Polypodiophyta,Polypodiophyta (trilete),Osmundales,Osmundaceae,Osmunda,
Oxyria digyna,Plantae,Tracheophyta,Spermatophyta,Angiospermae,Mesangiospermae,Eudicotyledoneae,Gunneridae,Pentapetalae,Caryophyllales,Polygonaceae,Rumex/Oxyria,Oxyria,
Dalea candida-type,Plantae,Tracheophyta,Spermatophyta,Angiospermae,Mesangiospermae,Eudicotyledoneae,Gunneridae,Pentapetalae,Rosidae,Fabidae,Fabales,Fabaceae,Fabaceae subf. Faboideae,Dalea,
Dalea purpurea-type,Plantae,Tracheophyta,Spermatophyta,Angiospermae,Mesangiospermae,Eudicotyledoneae,Gunneridae,Pentapetalae,Rosidae,Fabidae,Fabales,Fabaceae,Fabaceae subf. Faboideae,Dalea,
Picea glauca-type,Plantae,Tracheophyta,Spermatophyta,Pan-Coniferae,Coniferae,Pinaceae,Pinaceae (vesiculate),Picea,
Picea mariana-type,Plantae,Tracheophyta,Spermatophyta,Pan-Coniferae,Coniferae,Pinaceae,Pinaceae (vesiculate),Picea,
Pinus undiff.,Plantae,Tracheophyta,Spermatophyta,Pan-Coniferae,Coniferae,Pinaceae,Pinaceae (vesiculate),Pinus,
Planera aquatica,Plantae,Tracheophyta,Spermatophyta,Angiospermae,Mesangiospermae,Eudicotyledoneae,Gunneridae,Pentapetalae,Rosidae,Fabidae,Rosales,Urticalean Rosids,Ulmaceae,Planera,
Plantago undiff.,Plantae,Tracheophyta,Spermatophyta,Angiospermae,Mesangiospermae,Eudicotyledoneae,Gunneridae,Pentapetalae,Asteridae,Gentianidae,Garryidae,Lamiidae,Lamiales,Plantaginaceae,Plantago,
Plantago major,Plantae,Tracheophyta,Spermatophyta,Angiospermae,Mesangiospermae,Eudicotyledoneae,Gunneridae,Pentapetalae,Asteridae,Gentianidae,Garryidae,Lamiidae,Lamiales,Plantaginaceae,Plantago,
Plantago lanceolata,Plantae,Tracheophyta,Spermatophyta,Angiospermae,Mesangiospermae,Eudicotyledoneae,Gunneridae,Pentapetalae,Asteridae,Gentianidae,Garryidae,Lamiidae,Lamiales,Plantaginaceae,Plantago,
Plantago media,Plantae,Tracheophyta,Spermatophyta,Angiospermae,Mesangiospermae,Eudicotyledoneae,Gunneridae,Pentapetalae,Asteridae,Gentianidae,Garryidae,Lamiidae,Lamiales,Plantaginaceae,Plantago,
Polygonaceae undiff.,Plantae,Tracheophyta,Spermatophyta,Angiospermae,Mesangiospermae,Eudicotyledoneae,Gunneridae,Pentapetalae,Caryophyllales,Polygonaceae,
Polygonum undiff.,Plantae,Tracheophyta,Spermatophyta,Angiospermae,Mesangiospermae,Eudicotyledoneae,Gunneridae,Pentapetalae,Caryophyllales,Polygonaceae,Polygonum sensu lato,
Persicaria amphibia,Plantae,Tracheophyta,Spermatophyta,Angiospermae,Mesangiospermae,Eudicotyledoneae,Gunneridae,Pentapetalae,Caryophyllales,Polygonaceae,Persicaria,Persicaria amphibia-type,
Polygonum aviculare-type,Plantae,Tracheophyta,Spermatophyta,Angiospermae,Mesangiospermae,Eudicotyledoneae,Gunneridae,Pentapetalae,Caryophyllales,Polygonaceae,Polygonum,Polygonum sect. Polygonum,
Bistorta bistortoides-type,Plantae,Tracheophyta,Spermatophyta,Angiospermae,Mesangiospermae,Eudicotyledoneae,Gunneridae,Pentapetalae,Caryophyllales,Polygonaceae,Bistorta,
Persicaria lapathifolia-type,Plantae,Tracheophyta,Spermatophyta,Angiospermae,Mesangiospermae,Eudicotyledoneae,Gunneridae,Pentapetalae,Caryophyllales,Polygonaceae,Persicaria,
Populus undiff.,Plantae,Tracheophyta,Spermatophyta,Angiospermae,Mesangiospermae,Eudicotyledoneae,Gunneridae,Pentapetalae,Rosidae,Fabidae,Malpighiales,Salicaceae,Populus,
Populus balsamifera-type,Plantae,Tracheophyta,Spermatophyta,Angiospermae,Mesangiospermae,Eudicotyledoneae,Gunneridae,Pentapetalae,Rosidae,Fabidae,Malpighiales,Salicaceae,Populus,
Populus tremuloides-type,Plantae,Tracheophyta,Spermatophyta,Angiospermae,Mesangiospermae,Eudicotyledoneae,Gunneridae,Pentapetalae,Rosidae,Fabidae,Malpighiales,Salicaceae,Populus,
Ranunculaceae undiff.,Plantae,Tracheophyta,Spermatophyta,Angiospermae,Mesangiospermae,Eudicotyledoneae,Ranunculales,Ranunculaceae,
Ranunculus undiff.,Plantae,Tracheophyta,Spermatophyta,Angiospermae,Mesangiospermae,Eudicotyledoneae,Ranunculales,Ranunculaceae,Ranunculus-type,Ranunculus,
Rhamnaceae/Vitaceae undiff.,Plantae,Tracheophyta,Spermatophyta,Angiospermae,Mesangiospermae,Eudicotyledoneae,Gunneridae,Pentapetalae,Rhamnaceae/Vitaceae,
Alnus rubra-type,Plantae,Tracheophyta,Spermatophyta,Angiospermae,Mesangiospermae,Eudicotyledoneae,Gunneridae,Pentapetalae,Rosidae,Fabidae,Fabales,Betulaceae/Myricaceae,Betulaceae,Alnus,
Rubiaceae undiff.,Plantae,Tracheophyta,Spermatophyta,Angiospermae,Mesangiospermae,Eudicotyledoneae,Gunneridae,Pentapetalae,Asteridae,Gentianidae,Garryidae,Lamiidae,Gentianales ,Rubiaceae,
Sarcobatus vermiculatus,Plantae,Tracheophyta,Spermatophyta,Angiospermae,Mesangiospermae,Eudicotyledoneae,Gunneridae,Pentapetalae,Caryophyllales,Sarcobataceae,Sarcobatus,
Scheuchzeria palustris,Plantae,Tracheophyta,Spermatophyta,Angiospermae,Mesangiospermae,Monocotyledoneae,Nartheciidae,Alismatales,Scheuchzeriaceae,Scheuchzeria,
Shepherdia argentea,Plantae,Tracheophyta,Spermatophyta,Angiospermae,Mesangiospermae,Eudicotyledoneae,Gunneridae,Pentapetalae,Rosidae,Fabidae,Rosales,Elaeagnaceae,Elaeagnus/Shepherdia argentea,
Shepherdia canadensis,Plantae,Tracheophyta,Spermatophyta,Angiospermae,Mesangiospermae,Eudicotyledoneae,Gunneridae,Pentapetalae,Rosidae,Fabidae,Rosales,Elaeagnaceae,Shepherdia,
Typha latifolia,Plantae,Tracheophyta,Spermatophyta,Angiospermae,Mesangiospermae,Monocotyledoneae,Nartheciidae,Petrosaviidae,Commelinidae,Poales,Typhaceae,Typha/Sparganium,Typha,Typha latifolia-type,
Viburnum undiff.,Plantae,Tracheophyta,Spermatophyta,Angiospermae,Mesangiospermae,Eudicotyledoneae,Gunneridae,Pentapetalae,Asteridae,Gentianidae,Campanulidae,Apiidae,Dipsacales,Adoxaceae,Viburnum,
Zea mays,Plantae,Tracheophyta,Spermatophyta,Angiospermae,Mesangiospermae,Monocotyledoneae,Nartheciidae,Petrosaviidae,Commelinidae,Poales,Poaceae,Zea,
Alnus incana,Plantae,Tracheophyta,Spermatophyta,Angiospermae,Mesangiospermae,Eudicotyledoneae,Gunneridae,Pentapetalae,Rosidae,Fabidae,Fabales,Betulaceae/Myricaceae,Betulaceae,Alnus,
Humulus/Cannabis sativa,Plantae,Tracheophyta,Spermatophyta,Angiospermae,Mesangiospermae,Eudicotyledoneae,Gunneridae,Pentapetalae,Rosidae,Fabidae,Rosales,Urticalean Rosids,Cannabaceae,Cannabaceae sensu stricto,Humulus/Cannabis,
Alnus viridis,Plantae,Tracheophyta,Spermatophyta,Angiospermae,Mesangiospermae,Eudicotyledoneae,Gunneridae,Pentapetalae,Rosidae,Fabidae,Fabales,Betulaceae/Myricaceae,Betulaceae,Alnus,Alnus subg. Alnobetula,
Rosaceae undiff.,Plantae,Tracheophyta,Spermatophyta,Angiospermae,Mesangiospermae,Eudicotyledoneae,Gunneridae,Pentapetalae,Rosidae,Fabidae,Rosales,Rosaceae,
Betulaceae undiff.,Plantae,Tracheophyta,Spermatophyta,Angiospermae,Mesangiospermae,Eudicotyledoneae,Gunneridae,Pentapetalae,Rosidae,Fabidae,Fabales,Betulaceae/Myricaceae,Betulaceae,
Ephedra torreyana-type,Plantae,Tracheophyta,Spermatophyta,Gnetophyta,Ephedraceae,Ephedra,Ephedra (simple folds),
Ephedra nevadensis-type,Plantae,Tracheophyta,Spermatophyta,Gnetophyta,Ephedraceae,Ephedra,Ephedra (branched folds),
Fraxinus americana-type,Plantae,Tracheophyta,Spermatophyta,Angiospermae,Mesangiospermae,Eudicotyledoneae,Gunneridae,Pentapetalae,Asteridae,Gentianidae,Garryidae,Lamiidae,Lamiales,Oleaceae,Fraxinus,
Iva annua,Plantae,Tracheophyta,Spermatophyta,Angiospermae,Mesangiospermae,Eudicotyledoneae,Gunneridae,Pentapetalae,Asteridae,Gentianidae,Campanulidae,Apiidae,Asterales,Asteraceae,Asteraceae subf. Asteroideae,Asteraceae tribe Heliantheae,Asteraceae subtribe Ambrosiinae,Iva,
Myrtaceae undiff.,Plantae,Tracheophyta,Spermatophyta,Angiospermae,Mesangiospermae,Eudicotyledoneae,Gunneridae,Pentapetalae,Rosidae,Myrtales,Myrtaceae,
Myrica/Comptonia peregrina,Plantae,Tracheophyta,Spermatophyta,Angiospermae,Mesangiospermae,Eudicotyledoneae,Gunneridae,Pentapetalae,Rosidae,Fabidae,Fabales,Betulaceae/Myricaceae,Myricaceae,Myrica/Comptonia,
Pinus edulis-type,Plantae,Tracheophyta,Spermatophyta,Pan-Coniferae,Coniferae,Pinaceae,Pinaceae (vesiculate),Pinus,Pinus subg. Strobus,
Viburnum lentago,Plantae,Tracheophyta,Spermatophyta,Angiospermae,Mesangiospermae,Eudicotyledoneae,Gunneridae,Pentapetalae,Asteridae,Gentianidae,Campanulidae,Apiidae,Dipsacales,Adoxaceae,Viburnum,
Cannabis sativa-type,Plantae,Tracheophyta,Spermatophyta,Angiospermae,Mesangiospermae,Eudicotyledoneae,Gunneridae,Pentapetalae,Rosidae,Fabidae,Rosales,Urticalean Rosids,Cannabaceae,Cannabaceae sensu stricto,Cannabis-type,
Cannabis sativa,Plantae,Tracheophyta,Spermatophyta,Angiospermae,Mesangiospermae,Eudicotyledoneae,Gunneridae,Pentapetalae,Rosidae,Fabidae,Rosales,Urticalean Rosids,Cannabaceae,Cannabaceae sensu stricto,Cannabis-type,Cannabis sativa-type,
Cerealia undiff.,Plantae,Tracheophyta,Spermatophyta,Angiospermae,Mesangiospermae,Monocotyledoneae,Nartheciidae,Petrosaviidae,Commelinidae,Poales,Poaceae,Cerealia-type,Cerealia,
Cyperaceae undiff.,Plantae,Tracheophyta,Spermatophyta,Angiospermae,Mesangiospermae,Monocotyledoneae,Nartheciidae,Petrosaviidae,Commelinidae,Poales,Cyperaceae,
Dalea candida,Plantae,Tracheophyta,Spermatophyta,Angiospermae,Mesangiospermae,Eudicotyledoneae,Gunneridae,Pentapetalae,Rosidae,Fabidae,Fabales,Fabaceae,Fabaceae subf. Faboideae,Dalea,Dalea candida-type,
Dalea purpurea,Plantae,Tracheophyta,Spermatophyta,Angiospermae,Mesangiospermae,Eudicotyledoneae,Gunneridae,Pentapetalae,Rosidae,Fabidae,Fabales,Fabaceae,Fabaceae subf. Faboideae,Dalea,Dalea purpurea-type,
Cyclachaena xanthiifolia,Plantae,Tracheophyta,Spermatophyta,Angiospermae,Mesangiospermae,Eudicotyledoneae,Gunneridae,Pentapetalae,Asteridae,Gentianidae,Campanulidae,Apiidae,Asterales,Asteraceae,Asteraceae subf. Asteroideae,Asteraceae tribe Heliantheae,Asteraceae subtribe Ambrosiinae,Cyclachaena,
Trifolium pratense,Plantae,Tracheophyta,Spermatophyta,Angiospermae,Mesangiospermae,Eudicotyledoneae,Gunneridae,Pentapetalae,Rosidae,Fabidae,Fabales,Fabaceae,Fabaceae subf. Faboideae,Trifolium,Trifolium subg. Trifolium,
Trifolium repens-type,Plantae,Tracheophyta,Spermatophyta,Angiospermae,Mesangiospermae,Eudicotyledoneae,Gunneridae,Pentapetalae,Rosidae,Fabidae,Fabales,Fabaceae,Fabaceae subf. Faboideae,Trifolium-type,Trifolium subg. Lotoidea-type,
Urticales undiff.,Plantae,Tracheophyta,Spermatophyta,Angiospermae,Mesangiospermae,Eudicotyledoneae,Gunneridae,Pentapetalae,Rosidae,Fabidae,Rosales,Urticalean Rosids,
Thelypteris palustris-type,Plantae,Tracheophyta,Monilophyta,Polypodiophyta,Leptosporangiatae,Polypodiales,Polypodiales (monolete),Thelypteris-type,
Ruppia maritima,Plantae,Tracheophyta,Spermatophyta,Angiospermae,Mesangiospermae,Monocotyledoneae,Nartheciidae,Alismatales,Ruppiaceae,Ruppia,
Polygonum californicum-type,Plantae,Tracheophyta,Spermatophyta,Angiospermae,Mesangiospermae,Eudicotyledoneae,Gunneridae,Pentapetalae,Caryophyllales,Polygonaceae,Polygonum,Polygonum sect. Duravia,
Tsuga mertensiana,Plantae,Tracheophyta,Spermatophyta,Pan-Coniferae,Coniferae,Pinaceae,Tsuga,
Tsuga heterophylla,Plantae,Tracheophyta,Spermatophyta,Pan-Coniferae,Coniferae,Pinaceae,Tsuga,
Cupressaceae undiff.,Plantae,Tracheophyta,Spermatophyta,Pan-Coniferae,Coniferae,Cupressophyta,Cupressaceae/Taxaceae,Cupressaceae,
Rumex/Oxyria digyna,Plantae,Tracheophyta,Spermatophyta,Angiospermae,Mesangiospermae,Eudicotyledoneae,Gunneridae,Pentapetalae,Caryophyllales,Polygonaceae,Rumex/Oxyria,
Abies balsamea,Plantae,Tracheophyta,Spermatophyta,Pan-Coniferae,Coniferae,Pinaceae,Pinaceae (vesiculate),Abies,
Cornus sericea-type,Plantae,Tracheophyta,Spermatophyta,Angiospermae,Mesangiospermae,Eudicotyledoneae,Gunneridae,Pentapetalae,Asteridae,Cornales,Cornaceae,Cornus,
Acer nigrum,Plantae,Tracheophyta,Spermatophyta,Angiospermae,Mesangiospermae,Eudicotyledoneae,Gunneridae,Pentapetalae,Rosidae,Malvidae,Sapindales,Sapindaceae,Sapindaceae subf. Hippocastanoideae,Acer,Acer saccharum-type,
Acer saccharinum,Plantae,Tracheophyta,Spermatophyta,Angiospermae,Mesangiospermae,Eudicotyledoneae,Gunneridae,Pentapetalae,Rosidae,Malvidae,Sapindales,Sapindaceae,Sapindaceae subf. Hippocastanoideae,Acer,Acer saccharinum-type,
Acer saccharum,Plantae,Tracheophyta,Spermatophyta,Angiospermae,Mesangiospermae,Eudicotyledoneae,Gunneridae,Pentapetalae,Rosidae,Malvidae,Sapindales,Sapindaceae,Sapindaceae subf. Hippocastanoideae,Acer,Acer saccharum-type,
Arceuthobium pusillum,Plantae,Tracheophyta,Spermatophyta,Angiospermae,Mesangiospermae,Eudicotyledoneae,Gunneridae,Pentapetalae,Santalales,Santalaceae,Santalaceae subf. Visceae,Arceuthobium,
Armeria maritima,Plantae,Tracheophyta,Spermatophyta,Angiospermae,Mesangiospermae,Eudicotyledoneae,Gunneridae,Pentapetalae,Caryophyllales,Plumbaginaceae,Armeria-type,Armeria maritima-type,
Athyrium filix-femina,Plantae,Tracheophyta,Monilophyta,Polypodiophyta,Leptosporangiatae,Polypodiales,Polypodiales (monolete),Woodsiaceae,Athyrium,
Cornus sericea,Plantae,Tracheophyta,Spermatophyta,Angiospermae,Mesangiospermae,Eudicotyledoneae,Gunneridae,Pentapetalae,Asteridae,Cornales,Cornaceae,Cornus,Cornus sericea-type,
Butomus umbellatus,Plantae,Tracheophyta,Spermatophyta,Angiospermae,Mesangiospermae,Monocotyledoneae,Nartheciidae,Alismatales,Butomaceae,Butomus,
Calla palustris,Plantae,Tracheophyta,Spermatophyta,Angiospermae,Mesangiospermae,Monocotyledoneae,Nartheciidae,Alismatales,Araceae,Calla,
cf. Callitriche,Plantae,Tracheophyta,Spermatophyta,Angiospermae,Mesangiospermae,Eudicotyledoneae,Eudicotyledoneae incertae sedis,
Carya ovata,Plantae,Tracheophyta,Spermatophyta,Angiospermae,Mesangiospermae,Eudicotyledoneae,Gunneridae,Pentapetalae,Rosidae,Fabidae,Fagales,Juglandaceae,Carya,
Castanea dentata,Plantae,Tracheophyta,Spermatophyta,Angiospermae,Mesangiospermae,Eudicotyledoneae,Gunneridae,Pentapetalae,Rosidae,Fabidae,Fagales,Fagaceae,Castanea,
Celtis occidentalis,Plantae,Tracheophyta,Spermatophyta,Angiospermae,Mesangiospermae,Eudicotyledoneae,Gunneridae,Pentapetalae,Rosidae,Fabidae,Rosales,Urticalean Rosids,Cannabaceae,Celtis,
Cephalanthus occidentalis,Plantae,Tracheophyta,Spermatophyta,Angiospermae,Mesangiospermae,Eudicotyledoneae,Gunneridae,Pentapetalae,Asteridae,Gentianidae,Garryidae,Lamiidae,Gentianales ,Rubiaceae,Cephalanthus,
Cornus canadensis,Plantae,Tracheophyta,Spermatophyta,Angiospermae,Mesangiospermae,Eudicotyledoneae,Gunneridae,Pentapetalae,Asteridae,Cornales,Cornaceae,Cornus,Cornus canadensis-type,
Corylus cornuta,Plantae,Tracheophyta,Spermatophyta,Angiospermae,Mesangiospermae,Eudicotyledoneae,Gunneridae,Pentapetalae,Rosidae,Fabidae,Fabales,Betulaceae/Myricaceae,Betulaceae,Corylus,
Cystopteris fragilis,Plantae,Tracheophyta,Monilophyta,Polypodiophyta,Leptosporangiatae,Polypodiales,Polypodiales (monolete),Woodsiaceae,Cystopteris,
Elaeagnus commutata,Plantae,Tracheophyta,Spermatophyta,Angiospermae,Mesangiospermae,Eudicotyledoneae,Gunneridae,Pentapetalae,Rosidae,Fabidae,Rosales,Elaeagnaceae,Elaeagnus/Shepherdia argentea,Elaeagnus,
Glaux maritima,Plantae,Tracheophyta,Spermatophyta,Angiospermae,Mesangiospermae,Eudicotyledoneae,Gunneridae,Pentapetalae,Asteridae,Ericales,Primulaceae,Glaux,
Linnaea borealis,Plantae,Tracheophyta,Spermatophyta,Angiospermae,Mesangiospermae,Eudicotyledoneae,Gunneridae,Pentapetalae,Asteridae,Gentianidae,Campanulidae,Apiidae,Dipsacales,Caprifoliaceae,Caprifoliaceae subf. Linnaeoideae,Linnaea,
Littorella uniflora,Plantae,Tracheophyta,Spermatophyta,Angiospermae,Mesangiospermae,Eudicotyledoneae,Gunneridae,Pentapetalae,Asteridae,Gentianidae,Garryidae,Lamiidae,Lamiales,Plantaginaceae,Littorella,
cf. Hypericum,Plantae,Tracheophyta,Spermatophyta,Angiospermae,Mesangiospermae,Eudicotyledoneae,Eudicotyledoneae incertae sedis,
Diphasiastrum complanatum,Plantae,Tracheophyta,Lycopodiophyta,Lycopodiaceae,Diphasiastrum-type,Diphasiastrum,
Diphasiastrum alpinum-type,Plantae,Tracheophyta,Lycopodiophyta,Lycopodiaceae,Diphasiastrum-type,
Lycopodium annotinum-type,Plantae,Tracheophyta,Lycopodiophyta,Lycopodiaceae,
Huperzia selago-type,Plantae,Tracheophyta,Lycopodiophyta,Lycopodiaceae,
Lythrum salicaria,Plantae,Tracheophyta,Spermatophyta,Angiospermae,Mesangiospermae,Eudicotyledoneae,Gunneridae,Pentapetalae,Rosidae,Myrtales,Lythraceae,Lythrum,
Morus rubra-type,Plantae,Tracheophyta,Spermatophyta,Angiospermae,Mesangiospermae,Eudicotyledoneae,Gunneridae,Pentapetalae,Rosidae,Fabidae,Rosales,Urticalean Rosids,Morus-type,
Myrica gale,Plantae,Tracheophyta,Spermatophyta,Angiospermae,Mesangiospermae,Eudicotyledoneae,Gunneridae,Pentapetalae,Rosidae,Fabidae,Fabales,Betulaceae/Myricaceae,Myricaceae,Myrica,
Myriophyllum alterniflorum,Plantae,Tracheophyta,Spermatophyta,Angiospermae,Mesangiospermae,Eudicotyledoneae,Gunneridae,Pentapetalae,Saxifragales,Haloragaceae,Myriophyllum,Myriophyllum alterniflorum-type,
Myriophyllum sibiricum-type,Plantae,Tracheophyta,Spermatophyta,Angiospermae,Mesangiospermae,Eudicotyledoneae,Gunneridae,Pentapetalae,Saxifragales,Haloragaceae,Myriophyllum,
Nemopanthus mucronatus,Plantae,Tracheophyta,Spermatophyta,Angiospermae,Mesangiospermae,Eudicotyledoneae,Gunneridae,Pentapetalae,Asteridae,Gentianidae,Campanulidae,Aquifoliales,Aquifoliaceae,Nemopanthus,
Osmunda cinnamomea,Plantae,Tracheophyta,Monilophyta,Polypodiophyta,Polypodiophyta (trilete),Osmundales,Osmundaceae,Osmunda,Osmunda cinnamomea-type,
Osmunda regalis-type,Plantae,Tracheophyta,Monilophyta,Polypodiophyta,Polypodiophyta (trilete),Osmundales,Osmundaceae,Osmunda,
Oxyria digyna-type,Plantae,Tracheophyta,Spermatophyta,Angiospermae,Mesangiospermae,Eudicotyledoneae,Gunneridae,Pentapetalae,Caryophyllales,Polygonaceae,Rumex/Oxyria,
Oxytropis maydelliana-type,Plantae,Tracheophyta,Spermatophyta,Angiospermae,Mesangiospermae,Eudicotyledoneae,Gunneridae,Pentapetalae,Rosidae,Fabidae,Fabales,Fabaceae,Fabaceae subf. Faboideae,Oxytropis-type,
Pinus banksiana-type,Plantae,Tracheophyta,Spermatophyta,Pan-Coniferae,Coniferae,Pinaceae,Pinaceae (vesiculate),Pinus,Pinus subg. Pinus,
Pinus resinosa-type,Plantae,Tracheophyta,Spermatophyta,Pan-Coniferae,Coniferae,Pinaceae,Pinaceae (vesiculate),Pinus,Pinus subg. Pinus,
Pinus strobus,Plantae,Tracheophyta,Spermatophyta,Pan-Coniferae,Coniferae,Pinaceae,Pinaceae (vesiculate),Pinus,Pinus subg. Strobus,
Plantago lanceolata-type,Plantae,Tracheophyta,Spermatophyta,Angiospermae,Mesangiospermae,Eudicotyledoneae,Gunneridae,Pentapetalae,Asteridae,Gentianidae,Garryidae,Lamiidae,Lamiales,Plantaginaceae,Plantago,
Platanus occidentalis,Plantae,Tracheophyta,Spermatophyta,Angiospermae,Mesangiospermae,Eudicotyledoneae,Proteales,Platanaceae,Platanus,
Bistorta officinalis-type,Plantae,Tracheophyta,Spermatophyta,Angiospermae,Mesangiospermae,Eudicotyledoneae,Gunneridae,Pentapetalae,Caryophyllales,Polygonaceae,Bistorta,
Bistorta vivipara,Plantae,Tracheophyta,Spermatophyta,Angiospermae,Mesangiospermae,Eudicotyledoneae,Gunneridae,Pentapetalae,Caryophyllales,Polygonaceae,Bistorta,Bistorta vivipara-type,
Polypodium virginianum,Plantae,Tracheophyta,Monilophyta,Polypodiophyta,Leptosporangiatae,Polypodiales,Polypodiales (monolete),Polypodiaceae,Polypodium,
Populus deltoides-type,Plantae,Tracheophyta,Spermatophyta,Angiospermae,Mesangiospermae,Eudicotyledoneae,Gunneridae,Pentapetalae,Rosidae,Fabidae,Malpighiales,Salicaceae,Populus,
Potentilla palustris-type,Plantae,Tracheophyta,Spermatophyta,Angiospermae,Mesangiospermae,Eudicotyledoneae,Gunneridae,Pentapetalae,Rosidae,Fabidae,Rosales,Rosaceae,Potentilla-type,
Prunus pensylvanica,Plantae,Tracheophyta,Spermatophyta,Angiospermae,Mesangiospermae,Eudicotyledoneae,Gunneridae,Pentapetalae,Rosidae,Fabidae,Rosales,Rosaceae,Prunus,
Pteridium aquilinum,Plantae,Tracheophyta,Monilophyta,Polypodiophyta,Leptosporangiatae,Polypodiales,Dennstaedtiaceae,Dennstaedtiaceae (trilete),Pteridium,
Rhamnus cathartica,Plantae,Tracheophyta,Spermatophyta,Angiospermae,Mesangiospermae,Eudicotyledoneae,Gunneridae,Pentapetalae,Rosidae,Fabidae,Rosales,Rhamnaceae,Rhamnus,
Rubus chamaemorus,Plantae,Tracheophyta,Spermatophyta,Angiospermae,Mesangiospermae,Eudicotyledoneae,Gunneridae,Pentapetalae,Rosidae,Fabidae,Rosales,Rosaceae,Rubus,
Rumex acetosa-type,Plantae,Tracheophyta,Spermatophyta,Angiospermae,Mesangiospermae,Eudicotyledoneae,Gunneridae,Pentapetalae,Caryophyllales,Polygonaceae,Rumex/Oxyria,Rumex,Rumex subg. Acetosa/R. subg. Acetosella,Rumex acetosa/R. acetosella-type,
Salix herbacea-type,Plantae,Tracheophyta,Spermatophyta,Angiospermae,Mesangiospermae,Eudicotyledoneae,Gunneridae,Pentapetalae,Rosidae,Fabidae,Malpighiales,Salicaceae,Salix,
Salix vestita-type,Plantae,Tracheophyta,Spermatophyta,Angiospermae,Mesangiospermae,Eudicotyledoneae,Gunneridae,Pentapetalae,Rosidae,Fabidae,Malpighiales,Salicaceae,Salix,
Sanguisorba canadensis,Plantae,Tracheophyta,Spermatophyta,Angiospermae,Mesangiospermae,Eudicotyledoneae,Gunneridae,Pentapetalae,Rosidae,Fabidae,Rosales,Rosaceae,Sanguisorba,
Sarracenia purpurea,Plantae,Tracheophyta,Spermatophyta,Angiospermae,Mesangiospermae,Eudicotyledoneae,Gunneridae,Pentapetalae,Asteridae,Ericales,Sarraceniaceae,Sarracenia,
Saxifraga cernua-type,Plantae,Tracheophyta,Spermatophyta,Angiospermae,Mesangiospermae,Eudicotyledoneae,Gunneridae,Pentapetalae,Saxifragales,Saxifragaceae,Saxifraga-type,
Saxifraga oppositifolia-type,Plantae,Tracheophyta,Spermatophyta,Angiospermae,Mesangiospermae,Eudicotyledoneae,Gunneridae,Pentapetalae,Saxifragales,Saxifragaceae,Saxifraga-type,
Micranthes stellaris-type,Plantae,Tracheophyta,Spermatophyta,Angiospermae,Mesangiospermae,Eudicotyledoneae,Gunneridae,Pentapetalae,Saxifragales,Saxifragaceae,Saxifraga-type,
Typha angustifolia,Plantae,Tracheophyta,Spermatophyta,Angiospermae,Mesangiospermae,Monocotyledoneae,Nartheciidae,Petrosaviidae,Commelinidae,Poales,Typhaceae,Typha/Sparganium,Typha angustifolia-type,
Tilia americana,Plantae,Tracheophyta,Spermatophyta,Angiospermae,Mesangiospermae,Eudicotyledoneae,Gunneridae,Pentapetalae,Rosidae,Malvidae,Malvales,Malvaceae,Malvaceae subf. Tilioideae,Tilia,
Tsuga canadensis,Plantae,Tracheophyta,Spermatophyta,Pan-Coniferae,Coniferae,Pinaceae,Tsuga,
Viburnum alnifolium,Plantae,Tracheophyta,Spermatophyta,Angiospermae,Mesangiospermae,Eudicotyledoneae,Gunneridae,Pentapetalae,Asteridae,Gentianidae,Campanulidae,Apiidae,Dipsacales,Adoxaceae,Viburnum,
Viburnum edule,Plantae,Tracheophyta,Spermatophyta,Angiospermae,Mesangiospermae,Eudicotyledoneae,Gunneridae,Pentapetalae,Asteridae,Gentianidae,Campanulidae,Apiidae,Dipsacales,Adoxaceae,Viburnum,
Viburnum nudum,Plantae,Tracheophyta,Spermatophyta,Angiospermae,Mesangiospermae,Eudicotyledoneae,Gunneridae,Pentapetalae,Asteridae,Gentianidae,Campanulidae,Apiidae,Dipsacales,Adoxaceae,Viburnum,
Viburnum opulus,Plantae,Tracheophyta,Spermatophyta,Angiospermae,Mesangiospermae,Eudicotyledoneae,Gunneridae,Pentapetalae,Asteridae,Gentianidae,Campanulidae,Apiidae,Dipsacales,Adoxaceae,Viburnum,
Polypodiophyta (monolete),Plantae,Tracheophyta,Monilophyta,Polypodiophyta,
Juglans cinerea-type,Plantae,Tracheophyta,Spermatophyta,Angiospermae,Mesangiospermae,Eudicotyledoneae,Gunneridae,Pentapetalae,Rosidae,Fabidae,Fagales,Juglandaceae,Juglans,
Juglans nigra-type,Plantae,Tracheophyta,Spermatophyta,Angiospermae,Mesangiospermae,Eudicotyledoneae,Gunneridae,Pentapetalae,Rosidae,Fabidae,Fagales,Juglandaceae,Juglans,
Acer negundo-type,Plantae,Tracheophyta,Spermatophyta,Angiospermae,Mesangiospermae,Eudicotyledoneae,Gunneridae,Pentapetalae,Rosidae,Malvidae,Sapindales,Sapindaceae,Sapindaceae subf. Hippocastanoideae,Acer,
Dryopteris carthusiana-type,Plantae,Tracheophyta,Monilophyta,Polypodiophyta,Leptosporangiatae,Polypodiales,Polypodiales (monolete),Dryopteris-type,
Plantago major-type,Plantae,Tracheophyta,Spermatophyta,Angiospermae,Mesangiospermae,Eudicotyledoneae,Gunneridae,Pentapetalae,Asteridae,Gentianidae,Garryidae,Lamiidae,Lamiales,Plantaginaceae,Plantago,
Ericales undiff.,Plantae,Tracheophyta,Spermatophyta,Angiospermae,Mesangiospermae,Eudicotyledoneae,Gunneridae,Pentapetalae,Asteridae,Ericales,
Osmunda regalis,Plantae,Tracheophyta,Monilophyta,Polypodiophyta,Polypodiophyta (trilete),Osmundales,Osmundaceae,Osmunda,Osmunda regalis-type,
Acer circinatum,Plantae,Tracheophyta,Spermatophyta,Angiospermae,Mesangiospermae,Eudicotyledoneae,Gunneridae,Pentapetalae,Rosidae,Malvidae,Sapindales,Sapindaceae,Sapindaceae subf. Hippocastanoideae,Acer,Acer circinatum-type,
Bistorta bistortoides,Plantae,Tracheophyta,Spermatophyta,Angiospermae,Mesangiospermae,Eudicotyledoneae,Gunneridae,Pentapetalae,Caryophyllales,Polygonaceae,Bistorta,Bistorta bistortoides-type,
Moraceae undiff.,Plantae,Tracheophyta,Spermatophyta,Angiospermae,Mesangiospermae,Eudicotyledoneae,Gunneridae,Pentapetalae,Rosidae,Fabidae,Rosales,Urticalean Rosids,Moraceae,
Persicaria maculosa-type,Plantae,Tracheophyta,Spermatophyta,Angiospermae,Mesangiospermae,Eudicotyledoneae,Gunneridae,Pentapetalae,Caryophyllales,Polygonaceae,Persicaria,
Persicaria amphibia-type,Plantae,Tracheophyta,Spermatophyta,Angiospermae,Mesangiospermae,Eudicotyledoneae,Gunneridae,Pentapetalae,Caryophyllales,Polygonaceae,Persicaria,
Polygonum ramosissimum-type,Plantae,Tracheophyta,Spermatophyta,Angiospermae,Mesangiospermae,Eudicotyledoneae,Gunneridae,Pentapetalae,Caryophyllales,Polygonaceae,Polygonum,Polygonum sect. Polygonum,
Dryopteris-type undiff.,Plantae,Tracheophyta,Monilophyta,Polypodiophyta,Leptosporangiatae,Polypodiales,Polypodiales (monolete),Dryopteris-type,
Picea undiff.,Plantae,Tracheophyta,Spermatophyta,Pan-Coniferae,Coniferae,Pinaceae,Pinaceae (vesiculate),Picea,
cf. Ceanothus,Plantae,Tracheophyta,Spermatophyta,Angiospermae,Mesangiospermae,Eudicotyledoneae,Eudicotyledoneae incertae sedis,
Rumex undiff.,Plantae,Tracheophyta,Spermatophyta,Angiospermae,Mesangiospermae,Eudicotyledoneae,Gunneridae,Pentapetalae,Caryophyllales,Polygonaceae,Rumex/Oxyria,Rumex,
Typha undiff.,Plantae,Tracheophyta,Spermatophyta,Angiospermae,Mesangiospermae,Monocotyledoneae,Nartheciidae,Petrosaviidae,Commelinidae,Poales,Typhaceae,Typha/Sparganium,Typha,
Ericaceae undiff.,Plantae,Tracheophyta,Spermatophyta,Angiospermae,Mesangiospermae,Eudicotyledoneae,Gunneridae,Pentapetalae,Asteridae,Ericales,Ericaceae,
Arecaceae undiff.,Plantae,Tracheophyta,Spermatophyta,Angiospermae,Mesangiospermae,Monocotyledoneae,Nartheciidae,Petrosaviidae,Commelinidae,Arecales,Arecaceae,
Saxifragaceae undiff.,Plantae,Tracheophyta,Spermatophyta,Angiospermae,Mesangiospermae,Eudicotyledoneae,Gunneridae,Pentapetalae,Saxifragales,Saxifragaceae,
Botrychium undiff.,Plantae,Tracheophyta,Monilophyta,Polypodiophyta,Polypodiophyta (trilete),Ophioglossales,Ophioglossaceae,Botrychium-type,Botrychium,
Dryopteris carthusiana,Plantae,Tracheophyta,Monilophyta,Polypodiophyta,Leptosporangiatae,Polypodiales,Polypodiales (monolete),Dryopteridaceae,Dryopteris,
Pinus albicaulis-type,Plantae,Tracheophyta,Spermatophyta,Pan-Coniferae,Coniferae,Pinaceae,Pinaceae (vesiculate),Pinus,Pinus subg. Strobus,
Pinus contorta-type,Plantae,Tracheophyta,Spermatophyta,Pan-Coniferae,Coniferae,Pinaceae,Pinaceae (vesiculate),Pinus,Pinus subg. Pinus,
Potentilla palustris,Plantae,Tracheophyta,Spermatophyta,Angiospermae,Mesangiospermae,Eudicotyledoneae,Gunneridae,Pentapetalae,Rosidae,Fabidae,Rosales,Rosaceae,Potentilla,
Persicaria maculosa,Plantae,Tracheophyta,Spermatophyta,Angiospermae,Mesangiospermae,Eudicotyledoneae,Gunneridae,Pentapetalae,Caryophyllales,Polygonaceae,Persicaria,Persicaria maculosa-type,
Cladium jamaicense,Plantae,Tracheophyta,Spermatophyta,Angiospermae,Mesangiospermae,Monocotyledoneae,Nartheciidae,Petrosaviidae,Commelinidae,Poales,Cyperaceae,Cladium,
Ranunculus acris-type,Plantae,Tracheophyta,Spermatophyta,Angiospermae,Mesangiospermae,Eudicotyledoneae,Ranunculales,Ranunculaceae,Ranunculus-type,
Betula undiff.,Plantae,Tracheophyta,Spermatophyta,Angiospermae,Mesangiospermae,Eudicotyledoneae,Gunneridae,Pentapetalae,Rosidae,Fabidae,Fabales,Betulaceae/Myricaceae,Betulaceae,Betula,
Caryophyllaceae undiff.,Plantae,Tracheophyta,Spermatophyta,Angiospermae,Mesangiospermae,Eudicotyledoneae,Gunneridae,Pentapetalae,Caryophyllales,Caryophyllaceae/Amaranthaceae,Caryophyllaceae,
Podocarpus nubigenus,Plantae,Tracheophyta,Spermatophyta,Pan-Coniferae,Coniferae,Cupressophyta,Podocarpaceae,Podocarpus,
Nothofagus dombeyi-type,Plantae,Tracheophyta,Spermatophyta,Angiospermae,Mesangiospermae,Eudicotyledoneae,Gunneridae,Pentapetalae,Rosidae,Fabidae,Fagales,Nothofagaceae,Nothofagus,
Nothofagus obliqua-type,Plantae,Tracheophyta,Spermatophyta,Angiospermae,Mesangiospermae,Eudicotyledoneae,Gunneridae,Pentapetalae,Rosidae,Fabidae,Fagales,Nothofagaceae,Nothofagus,
Plantaginaceae undiff.,Plantae,Tracheophyta,Spermatophyta,Angiospermae,Mesangiospermae,Eudicotyledoneae,Gunneridae,Pentapetalae,Asteridae,Gentianidae,Garryidae,Lamiidae,Lamiales,Plantaginaceae,
Fraxinus nigra,Plantae,Tracheophyta,Spermatophyta,Angiospermae,Mesangiospermae,Eudicotyledoneae,Gunneridae,Pentapetalae,Asteridae,Gentianidae,Garryidae,Lamiidae,Lamiales,Oleaceae,Fraxinus,
Fraxinus pennsylvanica,Plantae,Tracheophyta,Spermatophyta,Angiospermae,Mesangiospermae,Eudicotyledoneae,Gunneridae,Pentapetalae,Asteridae,Gentianidae,Garryidae,Lamiidae,Lamiales,Oleaceae,Fraxinus,
Ranunculus flabellaris,Plantae,Tracheophyta,Spermatophyta,Angiospermae,Mesangiospermae,Eudicotyledoneae,Ranunculales,Ranunculaceae,Ranunculus-type,Ranunculus,
Epilobium angustifolium,Plantae,Tracheophyta,Spermatophyta,Angiospermae,Mesangiospermae,Eudicotyledoneae,Gunneridae,Pentapetalae,Rosidae,Myrtales,Onagraceae,Epilobium-type,Epilobium,Epilobium angustifolium-type,
Fraxinus americana,Plantae,Tracheophyta,Spermatophyta,Angiospermae,Mesangiospermae,Eudicotyledoneae,Gunneridae,Pentapetalae,Asteridae,Gentianidae,Garryidae,Lamiidae,Lamiales,Oleaceae,Fraxinus,
Typha angustifolia-type,Plantae,Tracheophyta,Spermatophyta,Angiospermae,Mesangiospermae,Monocotyledoneae,Nartheciidae,Petrosaviidae,Commelinidae,Poales,Typhaceae,Typha/Sparganium,
Lycopodium clavatum-type,Plantae,Tracheophyta,Lycopodiophyta,Lycopodiaceae,
Micranthes hieraciifolia,Plantae,Tracheophyta,Spermatophyta,Angiospermae,Mesangiospermae,Eudicotyledoneae,Gunneridae,Pentapetalae,Saxifragales,Saxifragaceae,Micranthes,
Saxifraga tricuspidata,Plantae,Tracheophyta,Spermatophyta,Angiospermae,Mesangiospermae,Eudicotyledoneae,Gunneridae,Pentapetalae,Saxifragales,Saxifragaceae,Saxifraga,
Pedicularis langsdorffii,Plantae,Tracheophyta,Spermatophyta,Angiospermae,Mesangiospermae,Eudicotyledoneae,Gunneridae,Pentapetalae,Asteridae,Gentianidae,Garryidae,Lamiidae,Lamiales,Orobanchaceae,Pedicularis,
Saxifraga cernua,Plantae,Tracheophyta,Spermatophyta,Angiospermae,Mesangiospermae,Eudicotyledoneae,Gunneridae,Pentapetalae,Saxifragales,Saxifragaceae,Saxifraga,
Polemoniaceae undiff.,Plantae,Tracheophyta,Spermatophyta,Angiospermae,Mesangiospermae,Eudicotyledoneae,Gunneridae,Pentapetalae,Asteridae,Ericales,Polemoniaceae,
Populus balsamifera,Plantae,Tracheophyta,Spermatophyta,Angiospermae,Mesangiospermae,Eudicotyledoneae,Gunneridae,Pentapetalae,Rosidae,Fabidae,Malpighiales,Salicaceae,Populus,
Populus tremuloides,Plantae,Tracheophyta,Spermatophyta,Angiospermae,Mesangiospermae,Eudicotyledoneae,Gunneridae,Pentapetalae,Rosidae,Fabidae,Malpighiales,Salicaceae,Populus,
Picea/Pinus undiff.,Plantae,Tracheophyta,Spermatophyta,Pan-Coniferae,Coniferae,Pinaceae,Pinaceae (vesiculate),
Scrophulariaceae undiff.,Plantae,Tracheophyta,Spermatophyta,Angiospermae,Mesangiospermae,Eudicotyledoneae,Gunneridae,Pentapetalae,Asteridae,Gentianidae,Garryidae,Lamiidae,Lamiales,Scrophulariaceae,
Apiaceae undiff.,Plantae,Tracheophyta,Spermatophyta,Angiospermae,Mesangiospermae,Eudicotyledoneae,Gunneridae,Pentapetalae,Asteridae,Gentianidae,Campanulidae,Apiidae,Apiales,Apiaceae,
Bistorta officinalis,Plantae,Tracheophyta,Spermatophyta,Angiospermae,Mesangiospermae,Eudicotyledoneae,Gunneridae,Pentapetalae,Caryophyllales,Polygonaceae,Bistorta,
Myriophyllum undiff.,Plantae,Tracheophyta,Spermatophyta,Angiospermae,Mesangiospermae,Eudicotyledoneae,Gunneridae,Pentapetalae,Saxifragales,Haloragaceae,Myriophyllum,
Rhamnaceae undiff.,Plantae,Tracheophyta,Spermatophyta,Angiospermae,Mesangiospermae,Eudicotyledoneae,Gunneridae,Pentapetalae,Rosidae,Fabidae,Rosales,Rhamnaceae,
Salix undiff.,Plantae,Tracheophyta,Spermatophyta,Angiospermae,Mesangiospermae,Eudicotyledoneae,Gunneridae,Pentapetalae,Rosidae,Fabidae,Malpighiales,Salicaceae,Salix,
Typha/Sparganium undiff.,Plantae,Tracheophyta,Spermatophyta,Angiospermae,Mesangiospermae,Monocotyledoneae,Nartheciidae,Petrosaviidae,Commelinidae,Poales,Typhaceae,Typha/Sparganium,
Saxifraga undiff.,Plantae,Tracheophyta,Spermatophyta,Angiospermae,Mesangiospermae,Eudicotyledoneae,Gunneridae,Pentapetalae,Saxifragales,Saxifragaceae,Saxifraga,
Potamogetonaceae/Triglochin undiff.,Plantae,Tracheophyta,Spermatophyta,Angiospermae,Mesangiospermae,Monocotyledoneae,Nartheciidae,Alismatales,Potamogetonaceae/Juncaginaceae,Potamogetonaceae/Triglochin,
