SiteName,Latitude,Longitude,ageYounger,AgeOlder,Age,AgeType,Taxon,Value,Pct,Depth
Chalco Lake,19.5,-99.0,,,45.0,Radiocarbon years BP,ABIES,2.0,0.4405286343612335,10.0
Chalco Lake,19.5,-99.0,,,114.0,Radiocarbon years BP,ABIES,5.0,1.2106537530266344,25.0
Chalco Lake,19.5,-99.0,,,159.0,Radiocarbon years BP,ABIES,5.0,1.0204081632653061,35.0
Chalco Lake,19.5,-99.0,,,205.0,Radiocarbon years BP,ABIES,6.0,1.2684989429175475,45.0
Chalco Lake,19.5,-99.0,,,250.0,Radiocarbon years BP,ABIES,10.0,2.314814814814815,55.0
Chalco Lake,19.5,-99.0,,,690.0,Radiocarbon years BP,ABIES,4.0,1.342281879194631,65.0
Chalco Lake,19.5,-99.0,,,1130.0,Radiocarbon years BP,ABIES,5.0,0.9746588693957114,75.0
Chalco Lake,19.5,-99.0,,,2010.0,Radiocarbon years BP,ABIES,10.0,1.8281535648994516,95.0
Chalco Lake,19.5,-99.0,,,2450.0,Radiocarbon years BP,ABIES,5.0,1.0309278350515463,105.0
Chalco Lake,19.5,-99.0,,,2890.0,Radiocarbon years BP,ABIES,16.0,3.361344537815126,115.0
Chalco Lake,19.5,-99.0,,,3331.0,Radiocarbon years BP,ABIES,10.0,2.710027100271003,125.0
Chalco Lake,19.5,-99.0,,,3771.0,Radiocarbon years BP,ABIES,7.0,1.4344262295081966,135.0
Chalco Lake,19.5,-99.0,,,4211.0,Radiocarbon years BP,ABIES,12.0,2.526315789473684,145.0
Chalco Lake,19.5,-99.0,,,5003.0,Radiocarbon years BP,ABIES,13.0,1.88953488372093,163.0
Chalco Lake,19.5,-99.0,,,5443.0,Radiocarbon years BP,ABIES,13.0,2.7027027027027026,173.0
Chalco Lake,19.5,-99.0,,,5883.0,Radiocarbon years BP,ABIES,16.0,3.382663847780127,183.0
Chalco Lake,19.5,-99.0,,,6323.0,Radiocarbon years BP,ABIES,12.0,2.357563850687623,193.0
Chalco Lake,19.5,-99.0,,,6763.0,Radiocarbon years BP,ABIES,12.0,2.4390243902439024,203.0
Chalco Lake,19.5,-99.0,,,7203.0,Radiocarbon years BP,ABIES,12.0,2.3255813953488373,213.0
Chalco Lake,19.5,-99.0,,,7643.0,Radiocarbon years BP,ABIES,21.0,3.230769230769231,223.0
Chalco Lake,19.5,-99.0,,,8083.0,Radiocarbon years BP,ABIES,6.0,1.2711864406779663,233.0
Chalco Lake,19.5,-99.0,,,8964.0,Radiocarbon years BP,ABIES,16.0,2.93040293040293,253.0
Chalco Lake,19.5,-99.0,,,9316.0,Radiocarbon years BP,ABIES,8.0,1.4311270125223614,261.0
Chalco Lake,19.5,-99.0,,,9756.0,Radiocarbon years BP,ABIES,3.0,0.6637168141592921,271.0
Chalco Lake,19.5,-99.0,,,11956.0,Radiocarbon years BP,ABIES,1.0,0.1644736842105263,321.0
Chalco Lake,19.5,-99.0,,,15428.0,Radiocarbon years BP,ABIES,1.0,0.3676470588235294,508.0
Chalco Lake,19.5,-99.0,,,15890.0,Radiocarbon years BP,ABIES,1.0,0.25252525252525254,548.0
Chalco Lake,19.5,-99.0,,,16063.0,Radiocarbon years BP,ABIES,1.0,0.41841004184100417,563.0
Chalco Lake,19.5,-99.0,,,16120.0,Radiocarbon years BP,ABIES,1.0,0.2695417789757413,568.0
Chalco Lake,19.5,-99.0,,,17217.0,Radiocarbon years BP,ABIES,3.0,1.0638297872340425,663.0
Chalco Lake,19.5,-99.0,,,17390.0,Radiocarbon years BP,ABIES,2.0,1.2903225806451613,678.0
Chalco Lake,19.5,-99.0,,,17448.0,Radiocarbon years BP,ABIES,1.0,0.6944444444444444,683.0
Chalco Lake,19.5,-99.0,,,17563.0,Radiocarbon years BP,ABIES,2.0,0.7462686567164178,693.0
Chalco Lake,19.5,-99.0,,,17621.0,Radiocarbon years BP,ABIES,2.0,0.7299270072992701,698.0
Chalco Lake,19.5,-99.0,,,17678.0,Radiocarbon years BP,ABIES,1.0,1.3157894736842104,703.0
Chalco Lake,19.5,-99.0,,,17967.0,Radiocarbon years BP,ABIES,1.0,0.29239766081871343,728.0
Chalco Lake,19.5,-99.0,,,18648.0,Radiocarbon years BP,ABIES,1.0,0.3558718861209964,787.0
Chalco Lake,19.5,-99.0,,,19052.0,Radiocarbon years BP,ABIES,1.0,1.098901098901099,822.0
Chalco Lake,19.5,-99.0,,,19109.0,Radiocarbon years BP,ABIES,1.0,1.1235955056179776,827.0
Chalco Lake,19.5,-99.0,,,19225.0,Radiocarbon years BP,ABIES,1.0,0.5524861878453038,837.0
Lake Patzcuaro,19.583333,-101.583333,,,2651.0,Radiocarbon years BP,ALNUSX,8.0,2.711864406779661,805.0
Lake Patzcuaro,19.583333,-101.583333,,,2796.0,Radiocarbon years BP,ALNUSX,4.0,1.6597510373443984,815.0
Lake Patzcuaro,19.583333,-101.583333,,,3323.0,Radiocarbon years BP,ALNUSX,16.0,5.9259259259259265,855.0
Lake Patzcuaro,19.583333,-101.583333,,,3452.0,Radiocarbon years BP,ALNUSX,14.0,4.444444444444445,865.0
Lake Patzcuaro,19.583333,-101.583333,,,3827.0,Radiocarbon years BP,ALNUSX,9.0,2.8213166144200628,885.0
Lake Patzcuaro,19.583333,-101.583333,,,4506.0,Radiocarbon years BP,ALNUSX,8.0,2.5236593059936907,905.0
Lake Patzcuaro,19.583333,-101.583333,,,5185.0,Radiocarbon years BP,ALNUSX,22.0,7.0287539936102235,925.0
Lake Patzcuaro,19.583333,-101.583333,,,5865.0,Radiocarbon years BP,ALNUSX,53.0,17.320261437908496,945.0
Lake Patzcuaro,19.583333,-101.583333,,,6544.0,Radiocarbon years BP,ALNUSX,57.0,19.12751677852349,965.0
Lake Patzcuaro,19.583333,-101.583333,,,7223.0,Radiocarbon years BP,ALNUSX,43.0,13.65079365079365,985.0
Lake Patzcuaro,19.583333,-101.583333,,,7902.0,Radiocarbon years BP,ALNUSX,62.0,18.731117824773413,1005.0
Lake Patzcuaro,19.583333,-101.583333,,,8582.0,Radiocarbon years BP,ALNUSX,45.0,14.423076923076922,1025.0
Lake Patzcuaro,19.583333,-101.583333,,,9810.0,Radiocarbon years BP,ALNUSX,25.0,8.27814569536424,1065.0
Lake Patzcuaro,19.583333,-101.583333,,,10928.0,Radiocarbon years BP,ALNUSX,40.0,14.13427561837456,1105.0
Lake Patzcuaro,19.583333,-101.583333,,,12045.0,Radiocarbon years BP,ALNUSX,60.0,22.727272727272727,1145.0
Lake Patzcuaro,19.583333,-101.583333,,,13162.0,Radiocarbon years BP,ALNUSX,77.0,26.551724137931032,1185.0
Lake Patzcuaro,19.583333,-101.583333,,,14279.0,Radiocarbon years BP,ALNUSX,84.0,28.668941979522184,1225.0
Lake Patzcuaro,19.583333,-101.583333,,,15396.0,Radiocarbon years BP,ALNUSX,65.0,20.967741935483872,1265.0
Lake Patzcuaro,19.583333,-101.583333,,,16513.0,Radiocarbon years BP,ALNUSX,91.0,25.068870523415974,1305.0
Lake Patzcuaro,19.583333,-101.583333,,,17630.0,Radiocarbon years BP,ALNUSX,40.0,13.793103448275861,1345.0
Lake Patzcuaro,19.583333,-101.583333,,,19152.0,Radiocarbon years BP,ALNUSX,58.0,18.471337579617835,1385.0
Lake Patzcuaro,19.583333,-101.583333,,,20701.0,Radiocarbon years BP,ALNUSX,62.0,20.875420875420875,1425.0
Lake Patzcuaro,19.583333,-101.583333,,,21476.0,Radiocarbon years BP,ALNUSX,51.0,18.88888888888889,1445.0
Lake Patzcuaro,19.583333,-101.583333,,,23025.0,Radiocarbon years BP,ALNUSX,45.0,15.306122448979592,1485.0
Lake Patzcuaro,19.583333,-101.583333,,,23799.0,Radiocarbon years BP,ALNUSX,35.0,10.703363914373089,1505.0
Lake Patzcuaro,19.583333,-101.583333,,,25348.0,Radiocarbon years BP,ALNUSX,23.0,8.455882352941178,1545.0
Lake Patzcuaro,19.583333,-101.583333,,,26138.0,Radiocarbon years BP,ALNUSX,27.0,9.540636042402827,1585.0
Lake Patzcuaro,19.583333,-101.583333,,,26781.0,Radiocarbon years BP,ALNUSX,32.0,9.60960960960961,1625.0
Lake Patzcuaro,19.583333,-101.583333,,,27343.0,Radiocarbon years BP,ALNUSX,65.0,21.311475409836063,1660.0
Lake Patzcuaro,19.583333,-101.583333,,,27745.0,Radiocarbon years BP,ALNUSX,50.0,16.666666666666664,1685.0
Lake Patzcuaro,19.583333,-101.583333,,,28066.0,Radiocarbon years BP,ALNUSX,25.0,8.012820512820513,1705.0
Lake Patzcuaro,19.583333,-101.583333,,,28709.0,Radiocarbon years BP,ALNUSX,42.0,13.680781758957655,1745.0
Lake Patzcuaro,19.583333,-101.583333,,,29351.0,Radiocarbon years BP,ALNUSX,32.0,10.738255033557047,1785.0
Lake Patzcuaro,19.583333,-101.583333,,,29994.0,Radiocarbon years BP,ALNUSX,58.0,19.52861952861953,1825.0
Lake Patzcuaro,19.583333,-101.583333,,,30956.0,Radiocarbon years BP,ALNUSX,23.0,7.540983606557377,1865.0
Lake Patzcuaro,19.583333,-101.583333,,,33102.0,Radiocarbon years BP,ALNUSX,48.0,15.238095238095239,1905.0
Lake Patzcuaro,19.583333,-101.583333,,,37930.0,Radiocarbon years BP,ALNUSX,48.0,21.524663677130047,1995.0
Lake Patzcuaro,19.583333,-101.583333,,,39540.0,Radiocarbon years BP,ALNUSX,39.0,13.978494623655912,2025.0
Lake Patzcuaro,19.583333,-101.583333,,,41686.0,Radiocarbon years BP,ALNUSX,28.0,9.30232558139535,2065.0
Lake Patzcuaro,19.583333,-101.583333,,,42759.0,Radiocarbon years BP,ALNUSX,55.0,23.404255319148938,2085.0
Lake Patzcuaro,19.583333,-101.583333,,,44100.0,Radiocarbon years BP,ALNUSX,29.0,9.965635738831615,2110.0
Hoya San Nicolás,20.388199999999998,-101.256,9070.0,10227.0,9677.0,Calibrated radiocarbon years BP,ALNUSX,2.0,7.142857142857142,454.5
Hoya San Nicolás,20.388199999999998,-101.256,10035.0,10889.0,10566.0,Calibrated radiocarbon years BP,ALNUSX,1.0,3.571428571428571,489.5
Hoya Rincon de Parangueo,20.43105,-101.249,71.0,672.0,325.0,Calibrated radiocarbon years BP,ALNUSX,15.0,3.6855036855036856,52.0
Hoya Rincon de Parangueo,20.43105,-101.249,171.0,844.0,476.0,Calibrated radiocarbon years BP,ALNUSX,12.0,2.912621359223301,73.0
Hoya Rincon de Parangueo,20.43105,-101.249,275.0,968.0,605.0,Calibrated radiocarbon years BP,ALNUSX,19.0,5.322128851540616,91.0
Hoya Rincon de Parangueo,20.43105,-101.249,357.0,1078.0,707.0,Calibrated radiocarbon years BP,ALNUSX,8.0,2.1108179419525066,105.0
Hoya Rincon de Parangueo,20.43105,-101.249,488.0,1223.0,861.0,Calibrated radiocarbon years BP,ALNUSX,15.0,4.010695187165775,126.0
Hoya Rincon de Parangueo,20.43105,-101.249,560.0,1285.0,939.0,Calibrated radiocarbon years BP,ALNUSX,16.0,4.145077720207254,137.0
Hoya Rincon de Parangueo,20.43105,-101.249,684.0,1356.0,1051.0,Calibrated radiocarbon years BP,ALNUSX,10.0,2.5974025974025974,153.0
Hoya Rincon de Parangueo,20.43105,-101.249,784.0,1423.0,1136.0,Calibrated radiocarbon years BP,ALNUSX,17.0,3.9812646370023423,165.0
Hoya Rincon de Parangueo,20.43105,-101.249,889.0,1490.0,1222.0,Calibrated radiocarbon years BP,ALNUSX,18.0,4.3478260869565215,177.0
Hoya Rincon de Parangueo,20.43105,-101.249,947.0,1519.0,1258.0,Calibrated radiocarbon years BP,ALNUSX,18.0,4.37956204379562,182.0
Hoya Rincon de Parangueo,20.43105,-101.249,1074.0,1547.0,1311.0,Calibrated radiocarbon years BP,ALNUSX,26.0,6.235011990407674,189.0
Hoya Rincon de Parangueo,20.43105,-101.249,1146.0,1577.0,1357.0,Calibrated radiocarbon years BP,ALNUSX,12.0,2.8503562945368173,195.0
Hoya Rincon de Parangueo,20.43105,-101.249,1227.0,1619.0,1412.0,Calibrated radiocarbon years BP,ALNUSX,23.0,6.020942408376963,202.0
Hoya Rincon de Parangueo,20.43105,-101.249,1325.0,1680.0,1481.0,Calibrated radiocarbon years BP,ALNUSX,27.0,6.923076923076923,210.0
Hoya Rincon de Parangueo,20.43105,-101.249,1391.0,1825.0,1588.0,Calibrated radiocarbon years BP,ALNUSX,22.0,5.527638190954774,222.0
Hoya Rincon de Parangueo,20.43105,-101.249,1470.0,1998.0,1721.0,Calibrated radiocarbon years BP,ALNUSX,23.0,5.943152454780361,235.0
Hoya Rincon de Parangueo,20.43105,-101.249,1587.0,2144.0,1858.0,Calibrated radiocarbon years BP,ALNUSX,22.0,5.626598465473146,248.0
Hoya Rincon de Parangueo,20.43105,-101.249,1870.0,2339.0,2118.0,Calibrated radiocarbon years BP,ALNUSX,31.0,7.654320987654321,273.0
Hoya Rincon de Parangueo,20.43105,-101.249,1996.0,2431.0,2236.0,Calibrated radiocarbon years BP,ALNUSX,28.0,7.052896725440807,288.0
Hoya Rincon de Parangueo,20.43105,-101.249,2073.0,2516.0,2309.0,Calibrated radiocarbon years BP,ALNUSX,26.0,6.7885117493472595,301.0
Hoya Rincon de Parangueo,20.43105,-101.249,2146.0,2570.0,2376.0,Calibrated radiocarbon years BP,ALNUSX,23.0,5.623471882640587,316.0
Hoya Rincon de Parangueo,20.43105,-101.249,2195.0,2608.0,2417.0,Calibrated radiocarbon years BP,ALNUSX,26.0,6.914893617021277,325.0
Hoya Rincon de Parangueo,20.43105,-101.249,2248.0,2654.0,2477.0,Calibrated radiocarbon years BP,ALNUSX,15.0,3.95778364116095,338.0
Hoya Rincon de Parangueo,20.43105,-101.249,2323.0,2685.0,2529.0,Calibrated radiocarbon years BP,ALNUSX,22.0,5.7441253263707575,350.0
Hoya Rincon de Parangueo,20.43105,-101.249,2426.0,2747.0,2625.0,Calibrated radiocarbon years BP,ALNUSX,32.0,8.10126582278481,369.0
Hoya Rincon de Parangueo,20.43105,-101.249,2505.0,2900.0,2722.0,Calibrated radiocarbon years BP,ALNUSX,20.0,5.0,385.0
Hoya Rincon de Parangueo,20.43105,-101.249,2569.0,3089.0,2821.0,Calibrated radiocarbon years BP,ALNUSX,24.0,6.299212598425196,400.0
Hoya Rincon de Parangueo,20.43105,-101.249,2649.0,3165.0,2908.0,Calibrated radiocarbon years BP,ALNUSX,22.0,5.729166666666666,413.0
Hoya Rincon de Parangueo,20.43105,-101.249,2734.0,3257.0,2994.0,Calibrated radiocarbon years BP,ALNUSX,31.0,7.8085642317380355,426.0
Hoya Rincon de Parangueo,20.43105,-101.249,2784.0,3300.0,3048.0,Calibrated radiocarbon years BP,ALNUSX,32.0,7.766990291262135,434.0
Hoya Rincon de Parangueo,20.43105,-101.249,2927.0,3417.0,3188.0,Calibrated radiocarbon years BP,ALNUSX,23.0,5.476190476190476,455.0
Hoya Rincon de Parangueo,20.43105,-101.249,3122.0,3551.0,3348.0,Calibrated radiocarbon years BP,ALNUSX,23.0,6.166219839142091,478.0
Hoya Rincon de Parangueo,20.43105,-101.249,3250.0,3851.0,3526.0,Calibrated radiocarbon years BP,ALNUSX,35.0,8.274231678486997,503.0
Hoya Rincon de Parangueo,20.43105,-101.249,3370.0,4108.0,3699.0,Calibrated radiocarbon years BP,ALNUSX,42.0,9.545454545454547,526.0
Hoya Rincon de Parangueo,20.43105,-101.249,3492.0,4298.0,3864.0,Calibrated radiocarbon years BP,ALNUSX,10.0,2.3980815347721824,548.0
Hoya Rincon de Parangueo,20.43105,-101.249,3538.0,4390.0,3946.0,Calibrated radiocarbon years BP,ALNUSX,23.0,5.4373522458628845,559.0
Hoya Rincon de Parangueo,20.43105,-101.249,3712.0,4571.0,4124.0,Calibrated radiocarbon years BP,ALNUSX,48.0,11.650485436893204,583.0
Hoya Rincon de Parangueo,20.43105,-101.249,3846.0,4732.0,4283.0,Calibrated radiocarbon years BP,ALNUSX,54.0,12.826603325415679,604.0
Hoya Rincon de Parangueo,20.43105,-101.249,3996.0,4877.0,4439.0,Calibrated radiocarbon years BP,ALNUSX,45.0,10.588235294117647,626.0
Hoya Rincon de Parangueo,20.43105,-101.249,4362.0,5143.0,4752.0,Calibrated radiocarbon years BP,ALNUSX,44.0,11.055276381909549,669.0
Hoya Rincon de Parangueo,20.43105,-101.249,4631.0,5304.0,4978.0,Calibrated radiocarbon years BP,ALNUSX,37.0,9.711286089238845,699.0
Hoya Rincon de Parangueo,20.43105,-101.249,4796.0,5639.0,5196.0,Calibrated radiocarbon years BP,ALNUSX,41.0,10.406091370558377,725.0
Hoya Rincon de Parangueo,20.43105,-101.249,4856.0,5726.0,5270.0,Calibrated radiocarbon years BP,ALNUSX,33.0,7.990314769975787,734.0
Hoya Rincon de Parangueo,20.43105,-101.249,5007.0,5971.0,5463.0,Calibrated radiocarbon years BP,ALNUSX,53.0,12.80193236714976,757.0
Hoya Rincon de Parangueo,20.43105,-101.249,5162.0,6202.0,5668.0,Calibrated radiocarbon years BP,ALNUSX,57.0,13.317757009345794,781.0
Hoya Rincon de Parangueo,20.43105,-101.249,5406.0,6471.0,5947.0,Calibrated radiocarbon years BP,ALNUSX,53.0,14.209115281501342,813.0
Hoya Rincon de Parangueo,20.43105,-101.249,5591.0,6680.0,6158.0,Calibrated radiocarbon years BP,ALNUSX,54.0,12.646370023419204,838.0
Hoya Rincon de Parangueo,20.43105,-101.249,5828.0,6886.0,6380.0,Calibrated radiocarbon years BP,ALNUSX,60.0,15.706806282722512,865.0
Hoya Rincon de Parangueo,20.43105,-101.249,6200.0,7157.0,6721.0,Calibrated radiocarbon years BP,ALNUSX,60.0,14.563106796116504,908.0
Hoya Rincon de Parangueo,20.43105,-101.249,6432.0,7312.0,6931.0,Calibrated radiocarbon years BP,ALNUSX,39.0,10.512129380053908,933.0
Hoya Rincon de Parangueo,20.43105,-101.249,6651.0,7421.0,7108.0,Calibrated radiocarbon years BP,ALNUSX,52.0,13.866666666666665,954.0
Hoya Rincon de Parangueo,20.43105,-101.249,7074.0,7549.0,7364.0,Calibrated radiocarbon years BP,ALNUSX,45.0,10.739856801909307,985.0
Hoya Rincon de Parangueo,20.43105,-101.249,7434.0,7663.0,7542.0,Calibrated radiocarbon years BP,ALNUSX,63.0,16.890080428954423,1005.0
Hoya Rincon de Parangueo,20.43105,-101.249,7545.0,8130.0,7782.0,Calibrated radiocarbon years BP,ALNUSX,77.0,18.59903381642512,1030.0
Hoya Rincon de Parangueo,20.43105,-101.249,7775.0,8627.0,8168.0,Calibrated radiocarbon years BP,ALNUSX,50.0,13.227513227513226,1070.0
Hoya Rincon de Parangueo,20.43105,-101.249,7918.0,8851.0,8370.0,Calibrated radiocarbon years BP,ALNUSX,52.0,13.402061855670103,1090.0
Hoya Rincon de Parangueo,20.43105,-101.249,8123.0,9081.0,8619.0,Calibrated radiocarbon years BP,ALNUSX,74.0,18.271604938271604,1115.0
Hoya Rincon de Parangueo,20.43105,-101.249,8480.0,9355.0,8983.0,Calibrated radiocarbon years BP,ALNUSX,64.0,16.710182767624023,1153.0
Hoya Rincon de Parangueo,20.43105,-101.249,8708.0,9478.0,9206.0,Calibrated radiocarbon years BP,ALNUSX,47.0,12.082262210796916,1176.0
Hoya Rincon de Parangueo,20.43105,-101.249,9024.0,9552.0,9411.0,Calibrated radiocarbon years BP,ALNUSX,38.0,9.547738693467336,1197.0
Hoya Rincon de Parangueo,20.43105,-101.249,,,9587.0,Calibrated radiocarbon years BP,ALNUSX,59.0,15.404699738903393,1215.0
Chalco Lake,19.5,-99.0,,,17505.0,Radiocarbon years BP,ASTERX,2.0,2.272727272727273,688.0
Lake Patzcuaro,19.583333,-101.583333,,,2935.0,Radiocarbon years BP,ASTERX,3.0,0.9404388714733543,825.0
Lake Patzcuaro,19.583333,-101.583333,,,3065.0,Radiocarbon years BP,ASTERX,1.0,0.32786885245901637,835.0
Sierra Bacha 1,29.7708333333333,-112.576388888889,,,5340.0,Radiocarbon years BP,BORAGINACEAE,15.0,6.2761506276150625,5340.0
Chalco Lake,19.5,-99.0,,,13812.0,Radiocarbon years BP,BRASSICACEAE,1.0,0.2958579881656805,368.0
Chalco Lake,19.5,-99.0,,,13928.0,Radiocarbon years BP,BRASSICACEAE,1.0,0.22779043280182232,378.0
Chalco Lake,19.5,-99.0,,,14158.0,Radiocarbon years BP,BRASSICACEAE,4.0,1.3245033112582782,398.0
Chalco Lake,19.5,-99.0,,,14505.0,Radiocarbon years BP,BRASSICACEAE,5.0,1.3123359580052494,428.0
Chalco Lake,19.5,-99.0,,,14620.0,Radiocarbon years BP,BRASSICACEAE,2.0,1.4388489208633095,438.0
Chalco Lake,19.5,-99.0,,,14736.0,Radiocarbon years BP,BRASSICACEAE,3.0,2.564102564102564,448.0
Chalco Lake,19.5,-99.0,,,15312.0,Radiocarbon years BP,BRASSICACEAE,2.0,1.0309278350515463,498.0
Chalco Lake,19.5,-99.0,,,15543.0,Radiocarbon years BP,BRASSICACEAE,2.0,0.5235602094240838,518.0
Chalco Lake,19.5,-99.0,,,15659.0,Radiocarbon years BP,BRASSICACEAE,2.0,0.468384074941452,528.0
Chalco Lake,19.5,-99.0,,,15774.0,Radiocarbon years BP,BRASSICACEAE,1.0,0.2932551319648094,538.0
Chalco Lake,19.5,-99.0,,,16005.0,Radiocarbon years BP,BRASSICACEAE,3.0,0.9554140127388535,558.0
Chalco Lake,19.5,-99.0,,,16178.0,Radiocarbon years BP,BRASSICACEAE,5.0,6.172839506172839,573.0
Chalco Lake,19.5,-99.0,,,16813.0,Radiocarbon years BP,BRASSICACEAE,2.0,0.6711409395973155,628.0
Chalco Lake,19.5,-99.0,,,17044.0,Radiocarbon years BP,BRASSICACEAE,4.0,1.8957345971563981,648.0
Chalco Lake,19.5,-99.0,,,17159.0,Radiocarbon years BP,BRASSICACEAE,1.0,0.7352941176470588,658.0
Chalco Lake,19.5,-99.0,,,18082.0,Radiocarbon years BP,BRASSICACEAE,5.0,2.05761316872428,738.0
Chalco Lake,19.5,-99.0,,,18198.0,Radiocarbon years BP,BRASSICACEAE,2.0,0.7142857142857143,748.0
Chalco Lake,19.5,-99.0,,,18359.0,Radiocarbon years BP,BRASSICACEAE,4.0,1.1695906432748537,762.0
Chalco Lake,19.5,-99.0,,,18417.0,Radiocarbon years BP,BRASSICACEAE,2.0,0.7751937984496124,767.0
Chalco Lake,19.5,-99.0,,,18463.0,Radiocarbon years BP,BRASSICACEAE,2.0,0.8583690987124464,771.0
Chalco Lake,19.5,-99.0,,,18532.0,Radiocarbon years BP,BRASSICACEAE,1.0,0.425531914893617,777.0
Chalco Lake,19.5,-99.0,,,18878.0,Radiocarbon years BP,BRASSICACEAE,1.0,0.9174311926605505,807.0
Chalco Lake,19.5,-99.0,,,18994.0,Radiocarbon years BP,BRASSICACEAE,2.0,2.272727272727273,817.0
Chalco Lake,19.5,-99.0,,,17736.0,Radiocarbon years BP,CARYOPHYLL,1.0,0.7518796992481203,708.0
Chalco Lake,19.5,-99.0,,,17851.0,Radiocarbon years BP,CARYOPHYLL,1.0,0.4032258064516129,718.0
San Jose Chulchaca,20.866667,-90.133333,,,6733.0,Radiocarbon years BP,CARYOPHYLL,1.0,0.3246753246753247,362.0
San Jose Chulchaca,20.866667,-90.133333,,,6899.0,Radiocarbon years BP,CARYOPHYLL,1.0,0.5780346820809248,371.0
Hoya San Nicolás,20.388199999999998,-101.256,10911.0,11132.0,11041.0,Calibrated radiocarbon years BP,CUPRESSA,1.0,5.0,514.5
Hoya San Nicolás,20.388199999999998,-101.256,-48.0,63.0,-7.0,Calibrated radiocarbon years BP,CYPERACE,46.0,15.862068965517242,2.5
Hoya San Nicolás,20.388199999999998,-101.256,-16.0,445.0,188.0,Calibrated radiocarbon years BP,CYPERACE,29.0,9.177215189873419,12.5
Hoya San Nicolás,20.388199999999998,-101.256,88.0,1071.0,502.0,Calibrated radiocarbon years BP,CYPERACE,51.0,16.19047619047619,27.5
Hoya San Nicolás,20.388199999999998,-101.256,118.0,1178.0,580.0,Calibrated radiocarbon years BP,CYPERACE,77.0,21.329639889196674,32.5
Hoya San Nicolás,20.388199999999998,-101.256,140.0,1209.0,650.0,Calibrated radiocarbon years BP,CYPERACE,57.0,15.87743732590529,37.5
Hoya San Nicolás,20.388199999999998,-101.256,279.0,1361.0,782.0,Calibrated radiocarbon years BP,CYPERACE,69.0,17.424242424242426,47.5
Hoya San Nicolás,20.388199999999998,-101.256,451.0,1504.0,925.0,Calibrated radiocarbon years BP,CYPERACE,40.0,11.799410029498524,57.5
Hoya San Nicolás,20.388199999999998,-101.256,533.0,1585.0,999.0,Calibrated radiocarbon years BP,CYPERACE,46.0,11.948051948051948,62.5
Hoya San Nicolás,20.388199999999998,-101.256,620.0,1713.0,1145.0,Calibrated radiocarbon years BP,CYPERACE,30.0,8.310249307479225,72.5
Hoya San Nicolás,20.388199999999998,-101.256,670.0,1815.0,1216.0,Calibrated radiocarbon years BP,CYPERACE,15.0,4.166666666666666,77.5
Hoya San Nicolás,20.388199999999998,-101.256,758.0,1975.0,1353.0,Calibrated radiocarbon years BP,CYPERACE,31.0,8.355795148247978,87.5
Hoya San Nicolás,20.388199999999998,-101.256,1040.0,2152.0,1578.0,Calibrated radiocarbon years BP,CYPERACE,38.0,10.764872521246458,102.5
Hoya San Nicolás,20.388199999999998,-101.256,1233.0,2306.0,1745.0,Calibrated radiocarbon years BP,CYPERACE,21.0,5.865921787709497,112.5
Hoya San Nicolás,20.388199999999998,-101.256,1309.0,2359.0,1813.0,Calibrated radiocarbon years BP,CYPERACE,34.0,9.115281501340483,117.5
Hoya San Nicolás,20.388199999999998,-101.256,1394.0,2427.0,1884.0,Calibrated radiocarbon years BP,CYPERACE,34.0,8.19277108433735,122.5
Hoya San Nicolás,20.388199999999998,-101.256,1492.0,2523.0,1957.0,Calibrated radiocarbon years BP,CYPERACE,28.0,7.777777777777778,127.5
Hoya San Nicolás,20.388199999999998,-101.256,1580.0,2587.0,2031.0,Calibrated radiocarbon years BP,CYPERACE,24.0,7.142857142857142,132.5
Hoya San Nicolás,20.388199999999998,-101.256,1673.0,2649.0,2106.0,Calibrated radiocarbon years BP,CYPERACE,53.0,15.497076023391813,137.5
Hoya San Nicolás,20.388199999999998,-101.256,1793.0,2715.0,2184.0,Calibrated radiocarbon years BP,CYPERACE,37.0,10.10928961748634,142.5
Hoya San Nicolás,20.388199999999998,-101.256,1901.0,2763.0,2264.0,Calibrated radiocarbon years BP,CYPERACE,58.0,16.201117318435752,147.5
Hoya San Nicolás,20.388199999999998,-101.256,2010.0,2873.0,2370.0,Calibrated radiocarbon years BP,CYPERACE,63.0,17.548746518105848,152.5
Hoya San Nicolás,20.388199999999998,-101.256,2208.0,3204.0,2644.0,Calibrated radiocarbon years BP,CYPERACE,42.0,11.320754716981133,162.5
Hoya San Nicolás,20.388199999999998,-101.256,2359.0,3323.0,2793.0,Calibrated radiocarbon years BP,CYPERACE,22.0,6.111111111111111,167.5
Hoya San Nicolás,20.388199999999998,-101.256,2483.0,3466.0,2928.0,Calibrated radiocarbon years BP,CYPERACE,168.0,42.96675191815857,172.5
Hoya San Nicolás,20.388199999999998,-101.256,2616.0,3604.0,3050.0,Calibrated radiocarbon years BP,CYPERACE,110.0,31.79190751445087,177.5
Hoya San Nicolás,20.388199999999998,-101.256,2783.0,3727.0,3187.0,Calibrated radiocarbon years BP,CYPERACE,157.0,41.644562334217504,182.5
Hoya San Nicolás,20.388199999999998,-101.256,2897.0,3846.0,3340.0,Calibrated radiocarbon years BP,CYPERACE,177.0,44.02985074626866,187.5
Hoya San Nicolás,20.388199999999998,-101.256,3081.0,3958.0,3493.0,Calibrated radiocarbon years BP,CYPERACE,83.0,22.432432432432435,192.5
Hoya San Nicolás,20.388199999999998,-101.256,3308.0,4096.0,3648.0,Calibrated radiocarbon years BP,CYPERACE,75.0,19.329896907216497,197.5
Hoya San Nicolás,20.388199999999998,-101.256,3463.0,4269.0,3804.0,Calibrated radiocarbon years BP,CYPERACE,21.0,6.017191977077363,202.5
Hoya San Nicolás,20.388199999999998,-101.256,3566.0,4456.0,3958.0,Calibrated radiocarbon years BP,CYPERACE,22.0,6.043956043956044,207.5
Hoya San Nicolás,20.388199999999998,-101.256,3668.0,4641.0,4132.0,Calibrated radiocarbon years BP,CYPERACE,11.0,3.064066852367688,212.5
Hoya San Nicolás,20.388199999999998,-101.256,3789.0,4882.0,4327.0,Calibrated radiocarbon years BP,CYPERACE,11.0,3.0303030303030303,217.5
Hoya San Nicolás,20.388199999999998,-101.256,3915.0,5073.0,4497.0,Calibrated radiocarbon years BP,CYPERACE,32.0,8.579088471849866,222.5
Hoya San Nicolás,20.388199999999998,-101.256,4034.0,5196.0,4643.0,Calibrated radiocarbon years BP,CYPERACE,28.0,7.909604519774012,227.5
Hoya San Nicolás,20.388199999999998,-101.256,4682.0,5420.0,5065.0,Calibrated radiocarbon years BP,CYPERACE,49.0,13.031914893617023,237.5
Hoya San Nicolás,20.388199999999998,-101.256,4894.0,5727.0,5346.0,Calibrated radiocarbon years BP,CYPERACE,50.0,13.774104683195592,247.5
Hoya San Nicolás,20.388199999999998,-101.256,4976.0,5845.0,5451.0,Calibrated radiocarbon years BP,CYPERACE,58.0,13.425925925925927,252.5
Hoya San Nicolás,20.388199999999998,-101.256,5169.0,6170.0,5673.0,Calibrated radiocarbon years BP,CYPERACE,46.0,12.432432432432433,262.5
Hoya San Nicolás,20.388199999999998,-101.256,5330.0,6416.0,5821.0,Calibrated radiocarbon years BP,CYPERACE,77.0,20.47872340425532,268.0
Hoya San Nicolás,20.388199999999998,-101.256,5535.0,6665.0,6063.0,Calibrated radiocarbon years BP,CYPERACE,62.0,15.776081424936386,277.5
Hoya San Nicolás,20.388199999999998,-101.256,5753.0,6964.0,6365.0,Calibrated radiocarbon years BP,CYPERACE,45.0,12.032085561497325,288.5
Hoya San Nicolás,20.388199999999998,-101.256,6013.0,7198.0,6668.0,Calibrated radiocarbon years BP,CYPERACE,88.0,24.444444444444443,303.5
Hoya San Nicolás,20.388199999999998,-101.256,6180.0,7404.0,6882.0,Calibrated radiocarbon years BP,CYPERACE,82.0,21.808510638297875,315.5
Hoya San Nicolás,20.388199999999998,-101.256,6510.0,7740.0,7193.0,Calibrated radiocarbon years BP,CYPERACE,58.0,14.356435643564355,330.5
Hoya San Nicolás,20.388199999999998,-101.256,6682.0,7938.0,7407.0,Calibrated radiocarbon years BP,CYPERACE,49.0,13.35149863760218,340.5
Hoya San Nicolás,20.388199999999998,-101.256,7133.0,8099.0,7700.0,Calibrated radiocarbon years BP,CYPERACE,55.0,15.10989010989011,355.5
Hoya San Nicolás,20.388199999999998,-101.256,7390.0,8222.0,7889.0,Calibrated radiocarbon years BP,CYPERACE,60.0,15.66579634464752,365.5
Hoya San Nicolás,20.388199999999998,-101.256,7738.0,8348.0,8080.0,Calibrated radiocarbon years BP,CYPERACE,81.0,21.65775401069519,375.5
Hoya San Nicolás,20.388199999999998,-101.256,7867.0,8425.0,8183.0,Calibrated radiocarbon years BP,CYPERACE,89.0,25.64841498559078,380.5
Hoya San Nicolás,20.388199999999998,-101.256,8076.0,8475.0,8286.0,Calibrated radiocarbon years BP,CYPERACE,86.0,21.026894865525673,385.5
Hoya San Nicolás,20.388199999999998,-101.256,8154.0,8618.0,8389.0,Calibrated radiocarbon years BP,CYPERACE,102.0,25.692695214105793,390.5
Hoya San Nicolás,20.388199999999998,-101.256,8214.0,8818.0,8503.0,Calibrated radiocarbon years BP,CYPERACE,75.0,19.53125,395.5
Hoya San Nicolás,20.388199999999998,-101.256,8257.0,9120.0,8613.0,Calibrated radiocarbon years BP,CYPERACE,97.0,26.72176308539945,400.5
Hoya San Nicolás,20.388199999999998,-101.256,8330.0,9240.0,8714.0,Calibrated radiocarbon years BP,CYPERACE,20.0,5.4945054945054945,405.5
Hoya San Nicolás,20.388199999999998,-101.256,8453.0,9562.0,8893.0,Calibrated radiocarbon years BP,CYPERACE,21.0,5.675675675675676,415.0
Hoya San Nicolás,20.388199999999998,-101.256,8829.0,9975.0,9364.0,Calibrated radiocarbon years BP,CYPERACE,9.0,23.684210526315788,439.5
Hoya San Nicolás,20.388199999999998,-101.256,9263.0,10419.0,9914.0,Calibrated radiocarbon years BP,CYPERACE,5.0,10.869565217391305,464.5
Hoya San Nicolás,20.388199999999998,-101.256,9645.0,10723.0,10336.0,Calibrated radiocarbon years BP,CYPERACE,1.0,0.7042253521126761,479.5
Hoya San Nicolás,20.388199999999998,-101.256,10603.0,11061.0,10858.0,Calibrated radiocarbon years BP,CYPERACE,3.0,1.8181818181818181,504.5
Sierra Bacha 1,29.7708333333333,-112.576388888889,,,2585.0,Radiocarbon years BP,FABACEAE,4.0,1.593625498007968,2585.0
San Jose Chulchaca,20.866667,-90.133333,,,7303.0,Radiocarbon years BP,FABACEAE,7.0,3.7433155080213902,393.0
Ría Lagartos,21.5661,-88.0865,,,294.0,Calibrated radiocarbon years BP,FABACEAE,1.0,0.31746031746031744,7.0
Ría Lagartos,21.5661,-88.0865,,,349.0,Calibrated radiocarbon years BP,FABACEAE,1.0,0.3076923076923077,10.0
Ría Lagartos,21.5661,-88.0865,,,1312.0,Calibrated radiocarbon years BP,FABACEAE,1.0,0.33222591362126247,63.0
Ría Lagartos,21.5661,-88.0865,,,1476.0,Calibrated radiocarbon years BP,FABACEAE,1.0,0.45454545454545453,72.0
Ría Lagartos,21.5661,-88.0865,,,1585.0,Calibrated radiocarbon years BP,FABACEAE,1.0,0.32786885245901637,78.0
Ría Lagartos,21.5661,-88.0865,,,1876.0,Calibrated radiocarbon years BP,FABACEAE,1.0,0.33444816053511706,94.0
Ría Lagartos,21.5661,-88.0865,,,2058.0,Calibrated radiocarbon years BP,FABACEAE,1.0,0.31645569620253167,104.0
Ría Lagartos,21.5661,-88.0865,,,2549.0,Calibrated radiocarbon years BP,FABACEAE,3.0,0.9933774834437087,131.0
Ría Lagartos,21.5661,-88.0865,,,2658.0,Calibrated radiocarbon years BP,FABACEAE,1.0,0.33557046979865773,137.0
Ría Lagartos,21.5661,-88.0865,,,2712.0,Calibrated radiocarbon years BP,FABACEAE,1.0,0.33444816053511706,140.0
Ría Lagartos,21.5661,-88.0865,,,2767.0,Calibrated radiocarbon years BP,FABACEAE,6.0,1.9543973941368076,143.0
Ría Lagartos,21.5661,-88.0865,,,3076.0,Calibrated radiocarbon years BP,FABACEAE,2.0,0.6644518272425249,160.0
Ría Lagartos,21.5661,-88.0865,,,3785.0,Calibrated radiocarbon years BP,FABACEAE,2.0,0.5934718100890208,199.0
Chalco Lake,19.5,-99.0,,,14966.0,Radiocarbon years BP,FRAXINUX,1.0,0.423728813559322,468.0
Chalco Lake,19.5,-99.0,,,15082.0,Radiocarbon years BP,FRAXINUX,2.0,2.857142857142857,478.0
Chalco Lake,19.5,-99.0,,,15197.0,Radiocarbon years BP,FRAXINUX,10.0,4.854368932038835,488.0
Chalco Lake,19.5,-99.0,,,17274.0,Radiocarbon years BP,FRAXINUX,1.0,0.7633587786259541,668.0
Chalco Lake,19.5,-99.0,,,17332.0,Radiocarbon years BP,FRAXINUX,1.0,1.25,673.0
Chalco Lake,19.5,-99.0,,,10636.0,Radiocarbon years BP,JUGLANSX,3.0,0.7246376811594203,291.0
San Jose Chulchaca,20.866667,-90.133333,,,4785.0,Radiocarbon years BP,PINUSX,2.0,0.6600660066006601,256.0
San Jose Chulchaca,20.866667,-90.133333,,,6917.0,Radiocarbon years BP,PINUSX,1.0,0.398406374501992,372.0
Ría Lagartos,21.5661,-88.0865,,,640.0,Calibrated radiocarbon years BP,PINUSX,2.0,0.6622516556291391,26.0
Ría Lagartos,21.5661,-88.0865,,,876.0,Calibrated radiocarbon years BP,PINUSX,1.0,0.3184713375796179,39.0
Ría Lagartos,21.5661,-88.0865,,,949.0,Calibrated radiocarbon years BP,PINUSX,1.0,0.3184713375796179,43.0
Ría Lagartos,21.5661,-88.0865,,,985.0,Calibrated radiocarbon years BP,PINUSX,2.0,0.6349206349206349,45.0
Ría Lagartos,21.5661,-88.0865,,,2112.0,Calibrated radiocarbon years BP,PINUSX,1.0,0.33003300330033003,107.0
Chalco Lake,19.5,-99.0,,,8524.0,Radiocarbon years BP,PLANTAGINX,1.0,0.2012072434607646,243.0
Chalco Lake,19.5,-99.0,,,10196.0,Radiocarbon years BP,PLANTAGINX,1.0,0.19960079840319359,281.0
Chalco Lake,19.5,-99.0,,,11076.0,Radiocarbon years BP,PLANTAGINX,1.0,0.1949317738791423,301.0
Chalco Lake,19.5,-99.0,,,11736.0,Radiocarbon years BP,PLANTAGINX,1.0,0.22075055187637968,316.0
Chalco Lake,19.5,-99.0,,,14274.0,Radiocarbon years BP,PLANTAGINX,1.0,0.5181347150259068,408.0
Chalco Lake,19.5,-99.0,,,14389.0,Radiocarbon years BP,PLANTAGINX,1.0,0.32679738562091504,418.0
Chalco Lake,19.5,-99.0,,,16697.0,Radiocarbon years BP,PLANTAGINX,1.0,0.48543689320388345,618.0
Chalco Lake,19.5,-99.0,,,18763.0,Radiocarbon years BP,POLYGONAX,12.0,4.270462633451958,797.0
San Jose Chulchaca,20.866667,-90.133333,,,3242.0,Radiocarbon years BP,QUERCUS,4.0,2.0202020202020203,170.0
San Jose Chulchaca,20.866667,-90.133333,,,5814.0,Radiocarbon years BP,QUERCUS,4.0,1.092896174863388,312.0
San Jose Chulchaca,20.866667,-90.133333,,,5943.0,Radiocarbon years BP,QUERCUS,4.0,1.092896174863388,319.0
Cenote San Jose Chulchaca,20.866667,-90.133333,,,10.0,Radiocarbon years BP,QUERCUS,7.0,3.5532994923857872,1.0
Cenote San Jose Chulchaca,20.866667,-90.133333,,,51.0,Radiocarbon years BP,QUERCUS,4.0,1.8867924528301887,5.0
Cenote San Jose Chulchaca,20.866667,-90.133333,,,132.0,Radiocarbon years BP,QUERCUS,2.0,1.0752688172043012,13.0
Cenote San Jose Chulchaca,20.866667,-90.133333,,,173.0,Radiocarbon years BP,QUERCUS,2.0,0.7604562737642585,17.0
Cenote San Jose Chulchaca,20.866667,-90.133333,,,213.0,Radiocarbon years BP,QUERCUS,2.0,0.9852216748768473,21.0
Cenote San Jose Chulchaca,20.866667,-90.133333,,,254.0,Radiocarbon years BP,QUERCUS,6.0,3.1413612565445024,25.0
Cenote San Jose Chulchaca,20.866667,-90.133333,,,416.0,Radiocarbon years BP,QUERCUS,5.0,2.0242914979757085,41.0
Cenote San Jose Chulchaca,20.866667,-90.133333,,,457.0,Radiocarbon years BP,QUERCUS,8.0,3.0534351145038165,45.0
Cenote San Jose Chulchaca,20.866667,-90.133333,,,498.0,Radiocarbon years BP,QUERCUS,5.0,2.242152466367713,49.0
Cenote San Jose Chulchaca,20.866667,-90.133333,,,538.0,Radiocarbon years BP,QUERCUS,2.0,0.7092198581560284,53.0
Cenote San Jose Chulchaca,20.866667,-90.133333,,,579.0,Radiocarbon years BP,QUERCUS,4.0,2.247191011235955,57.0
Cenote San Jose Chulchaca,20.866667,-90.133333,,,619.0,Radiocarbon years BP,QUERCUS,6.0,3.1413612565445024,61.0
Cenote San Jose Chulchaca,20.866667,-90.133333,,,660.0,Radiocarbon years BP,QUERCUS,4.0,1.4336917562724014,65.0
Cenote San Jose Chulchaca,20.866667,-90.133333,,,750.0,Radiocarbon years BP,QUERCUS,8.0,3.8461538461538463,69.0
Cenote San Jose Chulchaca,20.866667,-90.133333,,,840.0,Radiocarbon years BP,QUERCUS,5.0,2.1367521367521367,73.0
Cenote San Jose Chulchaca,20.866667,-90.133333,,,930.0,Radiocarbon years BP,QUERCUS,2.0,1.015228426395939,77.0
Cenote San Jose Chulchaca,20.866667,-90.133333,,,1020.0,Radiocarbon years BP,QUERCUS,3.0,1.6666666666666667,81.0
Cenote San Jose Chulchaca,20.866667,-90.133333,,,1110.0,Radiocarbon years BP,QUERCUS,1.0,0.38910505836575876,85.0
Cenote San Jose Chulchaca,20.866667,-90.133333,,,1353.0,Radiocarbon years BP,QUERCUS,4.0,1.932367149758454,89.0
Cenote San Jose Chulchaca,20.866667,-90.133333,,,1596.0,Radiocarbon years BP,QUERCUS,1.0,0.3968253968253968,93.0
Cenote San Jose Chulchaca,20.866667,-90.133333,,,1839.0,Radiocarbon years BP,QUERCUS,4.0,2.051282051282051,97.0
Cenote San Jose Chulchaca,20.866667,-90.133333,,,2081.0,Radiocarbon years BP,QUERCUS,5.0,2.793296089385475,101.0
Chalco Lake,19.5,-99.0,,,1570.0,Radiocarbon years BP,SALIX,2.0,0.42194092827004215,85.0
Chalco Lake,19.5,-99.0,,,14851.0,Radiocarbon years BP,SALIX,1.0,0.28653295128939826,458.0
Chalco Lake,19.5,-99.0,,,17794.0,Radiocarbon years BP,ULMUS,1.0,0.8771929824561403,713.0
Lake Patzcuaro,19.583333,-101.583333,,,367.0,Radiocarbon years BP,URTICACX,1.0,0.3115264797507788,647.0
Lake Patzcuaro,19.583333,-101.583333,,,483.0,Radiocarbon years BP,URTICACX,3.0,0.9554140127388535,655.0
Lake Patzcuaro,19.583333,-101.583333,,,1495.0,Radiocarbon years BP,URTICACX,1.0,0.33557046979865773,725.0
Lake Patzcuaro,19.583333,-101.583333,,,2073.0,Radiocarbon years BP,URTICACX,1.0,0.3144654088050315,765.0
Lake Patzcuaro,19.583333,-101.583333,,,3194.0,Radiocarbon years BP,URTICACX,1.0,0.31545741324921134,845.0
Lake Patzcuaro,19.583333,-101.583333,,,3582.0,Radiocarbon years BP,URTICACX,1.0,0.30120481927710846,875.0
Lake Patzcuaro,19.583333,-101.583333,,,35248.0,Radiocarbon years BP,URTICACX,2.0,0.5865102639296188,1945.0
Ría Lagartos,21.5661,-88.0865,,,185.0,Calibrated radiocarbon years BP,URTICACX,4.0,1.3245033112582782,1.0
Ría Lagartos,21.5661,-88.0865,,,476.0,Calibrated radiocarbon years BP,URTICACX,3.0,0.9836065573770493,17.0
Ría Lagartos,21.5661,-88.0865,,,531.0,Calibrated radiocarbon years BP,URTICACX,1.0,0.3076923076923077,20.0
Ría Lagartos,21.5661,-88.0865,,,585.0,Calibrated radiocarbon years BP,URTICACX,5.0,1.639344262295082,23.0
Ría Lagartos,21.5661,-88.0865,,,803.0,Calibrated radiocarbon years BP,URTICACX,4.0,1.3201320132013201,35.0
Ría Lagartos,21.5661,-88.0865,,,2276.0,Calibrated radiocarbon years BP,URTICACX,9.0,2.8213166144200628,116.0
Ría Lagartos,21.5661,-88.0865,,,3021.0,Calibrated radiocarbon years BP,URTICACX,4.0,1.098901098901099,157.0
Ría Lagartos,21.5661,-88.0865,,,3185.0,Calibrated radiocarbon years BP,URTICACX,10.0,2.9069767441860463,166.0
Ría Lagartos,21.5661,-88.0865,,,3267.0,Calibrated radiocarbon years BP,URTICACX,4.0,1.1661807580174928,171.0
Ría Lagartos,21.5661,-88.0865,,,3331.0,Calibrated radiocarbon years BP,URTICACX,9.0,2.5210084033613445,174.0
Ría Lagartos,21.5661,-88.0865,,,3421.0,Calibrated radiocarbon years BP,URTICACX,4.0,1.4545454545454546,179.0
Ría Lagartos,21.5661,-88.0865,,,3494.0,Calibrated radiocarbon years BP,URTICACX,3.0,0.9230769230769231,183.0
Ría Lagartos,21.5661,-88.0865,,,3603.0,Calibrated radiocarbon years BP,URTICACX,8.0,2.4242424242424243,189.0
